#,"Date Time, GMT-04:00","Temp, °C (LGR S/N: 10951907, SEN S/N: 10951907, LBL: Temp.)"
1,8/28/20 13:17,25.902
2,8/28/20 13:22,26
3,8/28/20 13:27,26
4,8/28/20 13:32,26
5,8/28/20 13:37,26
6,8/28/20 13:42,26
7,8/28/20 13:47,26
8,8/28/20 13:52,26
9,8/28/20 13:57,26
10,8/28/20 14:02,26
11,8/28/20 14:07,26
12,8/28/20 14:12,26
13,8/28/20 14:17,26
14,8/28/20 14:22,26
15,8/28/20 14:27,26
16,8/28/20 14:32,26
17,8/28/20 14:37,26
18,8/28/20 14:42,26
19,8/28/20 14:47,26
20,8/28/20 14:52,26
21,8/28/20 14:57,26
22,8/28/20 15:02,26
23,8/28/20 15:07,26
24,8/28/20 15:12,26
25,8/28/20 15:17,26
26,8/28/20 15:22,26
27,8/28/20 15:27,26
28,8/28/20 15:32,26
29,8/28/20 15:37,26
30,8/28/20 15:42,26
31,8/28/20 15:47,26
32,8/28/20 15:52,26
33,8/28/20 15:57,26
34,8/28/20 16:02,26
35,8/28/20 16:07,26
36,8/28/20 16:12,26
37,8/28/20 16:17,26
38,8/28/20 16:22,26
39,8/28/20 16:27,26
40,8/28/20 16:32,26
41,8/28/20 16:37,26
42,8/28/20 16:42,26
43,8/28/20 16:47,26
44,8/28/20 16:52,26
45,8/28/20 16:57,26
46,8/28/20 17:02,26
47,8/28/20 17:07,26
48,8/28/20 17:12,26
49,8/28/20 17:17,26
50,8/28/20 17:22,26
51,8/28/20 17:27,26
52,8/28/20 17:32,26
53,8/28/20 17:37,26
54,8/28/20 17:42,26
55,8/28/20 17:47,26
56,8/28/20 17:52,26
57,8/28/20 17:57,26
58,8/28/20 18:02,26
59,8/28/20 18:07,26
60,8/28/20 18:12,26
61,8/28/20 18:17,26
62,8/28/20 18:22,26
63,8/28/20 18:27,26
64,8/28/20 18:32,26
65,8/28/20 18:37,26
66,8/28/20 18:42,26
67,8/28/20 18:47,26
68,8/28/20 18:52,26
69,8/28/20 18:57,26
70,8/28/20 19:02,26
71,8/28/20 19:07,26
72,8/28/20 19:12,26
73,8/28/20 19:17,26.097
74,8/28/20 19:22,26.097
75,8/28/20 19:27,26.195
76,8/28/20 19:32,26.195
77,8/28/20 19:37,26.195
78,8/28/20 19:42,26.195
79,8/28/20 19:47,26.195
80,8/28/20 19:52,26.195
81,8/28/20 19:57,26.195
82,8/28/20 20:02,26.195
83,8/28/20 20:07,26.195
84,8/28/20 20:12,26.097
85,8/28/20 20:17,26.195
86,8/28/20 20:22,26.097
87,8/28/20 20:27,26.097
88,8/28/20 20:32,26.097
89,8/28/20 20:37,26.097
90,8/28/20 20:42,26.195
91,8/28/20 20:47,26.195
92,8/28/20 20:52,26.195
93,8/28/20 20:57,26.292
94,8/28/20 21:02,26.292
95,8/28/20 21:07,26.292
96,8/28/20 21:12,26.292
97,8/28/20 21:17,26.292
98,8/28/20 21:22,26.292
99,8/28/20 21:27,26.195
100,8/28/20 21:32,26.195
101,8/28/20 21:37,26.195
102,8/28/20 21:42,26.195
103,8/28/20 21:47,26.195
104,8/28/20 21:52,26.195
105,8/28/20 21:57,26.097
106,8/28/20 22:02,26.097
107,8/28/20 22:07,26.097
108,8/28/20 22:12,26.097
109,8/28/20 22:17,26.097
110,8/28/20 22:22,26.097
111,8/28/20 22:27,26.097
112,8/28/20 22:32,26
113,8/28/20 22:37,26
114,8/28/20 22:42,26
115,8/28/20 22:47,26
116,8/28/20 22:52,26
117,8/28/20 22:57,26
118,8/28/20 23:02,26
119,8/28/20 23:07,26
120,8/28/20 23:12,26
121,8/28/20 23:17,26
122,8/28/20 23:22,26.097
123,8/28/20 23:27,26.097
124,8/28/20 23:32,26.097
125,8/28/20 23:37,26.195
126,8/28/20 23:42,26.195
127,8/28/20 23:47,26.195
128,8/28/20 23:52,26.195
129,8/28/20 23:57,26.097
130,8/29/20 0:02,26.097
131,8/29/20 0:07,26.097
132,8/29/20 0:12,26.097
133,8/29/20 0:17,26.097
134,8/29/20 0:22,26.097
135,8/29/20 0:27,26.097
136,8/29/20 0:32,26.097
137,8/29/20 0:37,26.097
138,8/29/20 0:42,26.097
139,8/29/20 0:47,26.097
140,8/29/20 0:52,26.195
141,8/29/20 0:57,26.195
142,8/29/20 1:02,26.292
143,8/29/20 1:07,26.195
144,8/29/20 1:12,26.195
145,8/29/20 1:17,26.195
146,8/29/20 1:22,26.195
147,8/29/20 1:27,26.195
148,8/29/20 1:32,26.195
149,8/29/20 1:37,26.195
150,8/29/20 1:42,26.097
151,8/29/20 1:47,26.097
152,8/29/20 1:52,26.097
153,8/29/20 1:57,26.097
154,8/29/20 2:02,26.097
155,8/29/20 2:07,26.097
156,8/29/20 2:12,26.097
157,8/29/20 2:17,26.097
158,8/29/20 2:22,26.195
159,8/29/20 2:27,26.195
160,8/29/20 2:32,26.195
161,8/29/20 2:37,26.292
162,8/29/20 2:42,26.292
163,8/29/20 2:47,26.292
164,8/29/20 2:52,26.292
165,8/29/20 2:57,26.292
166,8/29/20 3:02,26.195
167,8/29/20 3:07,26.195
168,8/29/20 3:12,26.195
169,8/29/20 3:17,26.195
170,8/29/20 3:22,26.195
171,8/29/20 3:27,26.195
172,8/29/20 3:32,26.195
173,8/29/20 3:37,26.195
174,8/29/20 3:42,26.195
175,8/29/20 3:47,26.195
176,8/29/20 3:52,26.195
177,8/29/20 3:57,26.292
178,8/29/20 4:02,26.292
179,8/29/20 4:07,26.292
180,8/29/20 4:12,26.292
181,8/29/20 4:17,26.292
182,8/29/20 4:22,26.292
183,8/29/20 4:27,26.292
184,8/29/20 4:32,26.292
185,8/29/20 4:37,26.292
186,8/29/20 4:42,26.292
187,8/29/20 4:47,26.292
188,8/29/20 4:52,26.292
189,8/29/20 4:57,26.195
190,8/29/20 5:02,26.195
191,8/29/20 5:07,26.292
192,8/29/20 5:12,26.292
193,8/29/20 5:17,26.292
194,8/29/20 5:22,26.292
195,8/29/20 5:27,26.39
196,8/29/20 5:32,26.39
197,8/29/20 5:37,26.39
198,8/29/20 5:42,26.39
199,8/29/20 5:47,26.292
200,8/29/20 5:52,26.292
201,8/29/20 5:57,26.292
202,8/29/20 6:02,26.292
203,8/29/20 6:07,26.292
204,8/29/20 6:12,26.292
205,8/29/20 6:17,26.292
206,8/29/20 6:22,26.292
207,8/29/20 6:27,26.195
208,8/29/20 6:32,26.195
209,8/29/20 6:37,26.292
210,8/29/20 6:42,26.292
211,8/29/20 6:47,26.292
212,8/29/20 6:52,26.292
213,8/29/20 6:57,26.39
214,8/29/20 7:02,26.39
215,8/29/20 7:07,26.39
216,8/29/20 7:12,26.39
217,8/29/20 7:17,26.39
218,8/29/20 7:22,26.292
219,8/29/20 7:27,26.292
220,8/29/20 7:32,26.292
221,8/29/20 7:37,26.292
222,8/29/20 7:42,26.292
223,8/29/20 7:47,26.292
224,8/29/20 7:52,26.195
225,8/29/20 7:57,26.292
226,8/29/20 8:02,26.292
227,8/29/20 8:07,26.292
228,8/29/20 8:12,26.292
229,8/29/20 8:17,26.292
230,8/29/20 8:22,26.39
231,8/29/20 8:27,26.39
232,8/29/20 8:32,26.39
233,8/29/20 8:37,26.39
234,8/29/20 8:42,26.39
235,8/29/20 8:47,26.39
236,8/29/20 8:52,26.39
237,8/29/20 8:57,26.39
238,8/29/20 9:02,26.39
239,8/29/20 9:07,26.39
240,8/29/20 9:12,26.39
241,8/29/20 9:17,26.39
242,8/29/20 9:22,26.39
243,8/29/20 9:27,26.39
244,8/29/20 9:32,26.39
245,8/29/20 9:37,26.292
246,8/29/20 9:42,26.39
247,8/29/20 9:47,26.292
248,8/29/20 9:52,26.292
249,8/29/20 9:57,26.292
250,8/29/20 10:02,26.292
251,8/29/20 10:07,26.292
252,8/29/20 10:12,26.292
253,8/29/20 10:17,26.292
254,8/29/20 10:22,26.292
255,8/29/20 10:27,26.292
256,8/29/20 10:32,26.292
257,8/29/20 10:37,26.292
258,8/29/20 10:42,26.292
259,8/29/20 10:47,26.292
260,8/29/20 10:52,26.292
261,8/29/20 10:57,26.292
262,8/29/20 11:02,26.292
263,8/29/20 11:07,26.292
264,8/29/20 11:12,26.292
265,8/29/20 11:17,26.292
266,8/29/20 11:22,26.292
267,8/29/20 11:27,26.292
268,8/29/20 11:32,26.292
269,8/29/20 11:37,26.292
270,8/29/20 11:42,26.292
271,8/29/20 11:47,26.292
272,8/29/20 11:52,26.292
273,8/29/20 11:57,26.292
274,8/29/20 12:02,26.195
275,8/29/20 12:07,26.292
276,8/29/20 12:12,26.195
277,8/29/20 12:17,26.195
278,8/29/20 12:22,26.195
279,8/29/20 12:27,26.195
280,8/29/20 12:32,26.195
281,8/29/20 12:37,26.195
282,8/29/20 12:42,26.195
283,8/29/20 12:47,26.195
284,8/29/20 12:52,26.195
285,8/29/20 12:57,26.195
286,8/29/20 13:02,26.195
287,8/29/20 13:07,26.195
288,8/29/20 13:12,26.195
289,8/29/20 13:17,26.195
290,8/29/20 13:22,26.195
291,8/29/20 13:27,26.195
292,8/29/20 13:32,26.195
293,8/29/20 13:37,26.195
294,8/29/20 13:42,26.195
295,8/29/20 13:47,26.195
296,8/29/20 13:52,26.195
297,8/29/20 13:57,26.195
298,8/29/20 14:02,26.195
299,8/29/20 14:07,26.195
300,8/29/20 14:12,26.195
301,8/29/20 14:17,26.195
302,8/29/20 14:22,26.195
303,8/29/20 14:27,26.195
304,8/29/20 14:32,26.195
305,8/29/20 14:37,26.195
306,8/29/20 14:42,26.195
307,8/29/20 14:47,26.195
308,8/29/20 14:52,26.195
309,8/29/20 14:57,26.097
310,8/29/20 15:02,26.097
311,8/29/20 15:07,26.195
312,8/29/20 15:12,26.097
313,8/29/20 15:17,26.097
314,8/29/20 15:22,26.097
315,8/29/20 15:27,26.097
316,8/29/20 15:32,26.195
317,8/29/20 15:37,26.097
318,8/29/20 15:42,26.097
319,8/29/20 15:47,26.097
320,8/29/20 15:52,26.097
321,8/29/20 15:57,26.097
322,8/29/20 16:02,26.097
323,8/29/20 16:07,26.097
324,8/29/20 16:12,26.097
325,8/29/20 16:17,26.097
326,8/29/20 16:22,26.097
327,8/29/20 16:27,26.097
328,8/29/20 16:32,26.097
329,8/29/20 16:37,26.097
330,8/29/20 16:42,26.097
331,8/29/20 16:47,26.097
332,8/29/20 16:52,26.097
333,8/29/20 16:57,26.097
334,8/29/20 17:02,26.097
335,8/29/20 17:07,26.097
336,8/29/20 17:12,26.097
337,8/29/20 17:17,26.097
338,8/29/20 17:22,26.097
339,8/29/20 17:27,26.097
340,8/29/20 17:32,26.097
341,8/29/20 17:37,26.097
342,8/29/20 17:42,26.097
343,8/29/20 17:47,26.097
344,8/29/20 17:52,26.097
345,8/29/20 17:57,26.097
346,8/29/20 18:02,26
347,8/29/20 18:07,26
348,8/29/20 18:12,26
349,8/29/20 18:17,26
350,8/29/20 18:22,26
351,8/29/20 18:27,26
352,8/29/20 18:32,26
353,8/29/20 18:37,26
354,8/29/20 18:42,26
355,8/29/20 18:47,26
356,8/29/20 18:52,26
357,8/29/20 18:57,26
358,8/29/20 19:02,26
359,8/29/20 19:07,26
360,8/29/20 19:12,26
361,8/29/20 19:17,26
362,8/29/20 19:22,26
363,8/29/20 19:27,26
364,8/29/20 19:32,26
365,8/29/20 19:37,26
366,8/29/20 19:42,26
367,8/29/20 19:47,26
368,8/29/20 19:52,26
369,8/29/20 19:57,26
370,8/29/20 20:02,26
371,8/29/20 20:07,26
372,8/29/20 20:12,26
373,8/29/20 20:17,26
374,8/29/20 20:22,26
375,8/29/20 20:27,26
376,8/29/20 20:32,26
377,8/29/20 20:37,26
378,8/29/20 20:42,26
379,8/29/20 20:47,26
380,8/29/20 20:52,26
381,8/29/20 20:57,26.097
382,8/29/20 21:02,26.097
383,8/29/20 21:07,26.097
384,8/29/20 21:12,26.195
385,8/29/20 21:17,26.195
386,8/29/20 21:22,26.195
387,8/29/20 21:27,26.195
388,8/29/20 21:32,26.195
389,8/29/20 21:37,26.195
390,8/29/20 21:42,26.195
391,8/29/20 21:47,26.195
392,8/29/20 21:52,26.097
393,8/29/20 21:57,26.097
394,8/29/20 22:02,26.097
395,8/29/20 22:07,26.097
396,8/29/20 22:12,26.097
397,8/29/20 22:17,26.097
398,8/29/20 22:22,26.097
399,8/29/20 22:27,26.097
400,8/29/20 22:32,26.195
401,8/29/20 22:37,26.195
402,8/29/20 22:42,26.195
403,8/29/20 22:47,26.292
404,8/29/20 22:52,26.292
405,8/29/20 22:57,26.195
406,8/29/20 23:02,26.195
407,8/29/20 23:07,26.195
408,8/29/20 23:12,26.195
409,8/29/20 23:17,26.195
410,8/29/20 23:22,26.195
411,8/29/20 23:27,26.195
412,8/29/20 23:32,26.097
413,8/29/20 23:37,26.097
414,8/29/20 23:42,26.097
415,8/29/20 23:47,26.097
416,8/29/20 23:52,26.097
417,8/29/20 23:57,26.097
418,8/30/20 0:02,26.097
419,8/30/20 0:07,26.097
420,8/30/20 0:12,26.097
421,8/30/20 0:17,26.195
422,8/30/20 0:22,26.195
423,8/30/20 0:27,26.195
424,8/30/20 0:32,26.292
425,8/30/20 0:37,26.292
426,8/30/20 0:42,26.292
427,8/30/20 0:47,26.292
428,8/30/20 0:52,26.195
429,8/30/20 0:57,26.195
430,8/30/20 1:02,26.195
431,8/30/20 1:07,26.195
432,8/30/20 1:12,26.195
433,8/30/20 1:17,26.097
434,8/30/20 1:22,26.097
435,8/30/20 1:27,26.097
436,8/30/20 1:32,26.097
437,8/30/20 1:37,26.097
438,8/30/20 1:42,26.097
439,8/30/20 1:47,26.097
440,8/30/20 1:52,26.097
441,8/30/20 1:57,26.097
442,8/30/20 2:02,26.195
443,8/30/20 2:07,26.195
444,8/30/20 2:12,26.195
445,8/30/20 2:17,26.195
446,8/30/20 2:22,26.195
447,8/30/20 2:27,26.195
448,8/30/20 2:32,26.195
449,8/30/20 2:37,26.195
450,8/30/20 2:42,26.195
451,8/30/20 2:47,26.195
452,8/30/20 2:52,26.195
453,8/30/20 2:57,26.097
454,8/30/20 3:02,26.097
455,8/30/20 3:07,26.097
456,8/30/20 3:12,26.097
457,8/30/20 3:17,26.097
458,8/30/20 3:22,26.195
459,8/30/20 3:27,26.195
460,8/30/20 3:32,26.195
461,8/30/20 3:37,26.292
462,8/30/20 3:42,26.292
463,8/30/20 3:47,26.292
464,8/30/20 3:52,26.195
465,8/30/20 3:57,26.195
466,8/30/20 4:02,26.195
467,8/30/20 4:07,26.195
468,8/30/20 4:12,26.097
469,8/30/20 4:17,26.097
470,8/30/20 4:22,26.097
471,8/30/20 4:27,26
472,8/30/20 4:32,26
473,8/30/20 4:37,26
474,8/30/20 4:42,26
475,8/30/20 4:47,26.097
476,8/30/20 4:52,26.097
477,8/30/20 4:57,26.097
478,8/30/20 5:02,26.097
479,8/30/20 5:07,26.097
480,8/30/20 5:12,26.097
481,8/30/20 5:17,26.097
482,8/30/20 5:22,26
483,8/30/20 5:27,26
484,8/30/20 5:32,26
485,8/30/20 5:37,26
486,8/30/20 5:42,26
487,8/30/20 5:47,26
488,8/30/20 5:52,26
489,8/30/20 5:57,26
490,8/30/20 6:02,26
491,8/30/20 6:07,26.097
492,8/30/20 6:12,26.097
493,8/30/20 6:17,26.097
494,8/30/20 6:22,26.097
495,8/30/20 6:27,26.097
496,8/30/20 6:32,26.097
497,8/30/20 6:37,26.097
498,8/30/20 6:42,26.097
499,8/30/20 6:47,26
500,8/30/20 6:52,26
501,8/30/20 6:57,26
502,8/30/20 7:02,26
503,8/30/20 7:07,26
504,8/30/20 7:12,26.097
505,8/30/20 7:17,26.097
506,8/30/20 7:22,26.097
507,8/30/20 7:27,26.097
508,8/30/20 7:32,26.195
509,8/30/20 7:37,26.097
510,8/30/20 7:42,26.097
511,8/30/20 7:47,26.097
512,8/30/20 7:52,26.097
513,8/30/20 7:57,26.097
514,8/30/20 8:02,26.097
515,8/30/20 8:07,26
516,8/30/20 8:12,26
517,8/30/20 8:17,26
518,8/30/20 8:22,26
519,8/30/20 8:27,26
520,8/30/20 8:32,26
521,8/30/20 8:37,26
522,8/30/20 8:42,26
523,8/30/20 8:47,26
524,8/30/20 8:52,26
525,8/30/20 8:57,26
526,8/30/20 9:02,26
527,8/30/20 9:07,26
528,8/30/20 9:12,26
529,8/30/20 9:17,26
530,8/30/20 9:22,26
531,8/30/20 9:27,26
532,8/30/20 9:32,26
533,8/30/20 9:37,26
534,8/30/20 9:42,26
535,8/30/20 9:47,26
536,8/30/20 9:52,26
537,8/30/20 9:57,26
538,8/30/20 10:02,26
539,8/30/20 10:07,26
540,8/30/20 10:12,26
541,8/30/20 10:17,26
542,8/30/20 10:22,26
543,8/30/20 10:27,26
544,8/30/20 10:32,26
545,8/30/20 10:37,26.097
546,8/30/20 10:42,26
547,8/30/20 10:47,26
548,8/30/20 10:52,26
549,8/30/20 10:57,26.097
550,8/30/20 11:02,26.097
551,8/30/20 11:07,26.097
552,8/30/20 11:12,26.097
553,8/30/20 11:17,26
554,8/30/20 11:22,26.097
555,8/30/20 11:27,26.097
556,8/30/20 11:32,26.097
557,8/30/20 11:37,26
558,8/30/20 11:42,26.097
559,8/30/20 11:47,26.097
560,8/30/20 11:52,26.097
561,8/30/20 11:57,26.097
562,8/30/20 12:02,26.097
563,8/30/20 12:07,26.097
564,8/30/20 12:12,26.097
565,8/30/20 12:17,26.097
566,8/30/20 12:22,26.097
567,8/30/20 12:27,26.097
568,8/30/20 12:32,26.097
569,8/30/20 12:37,26.097
570,8/30/20 12:42,26.097
571,8/30/20 12:47,26.097
572,8/30/20 12:52,26.097
573,8/30/20 12:57,26.097
574,8/30/20 13:02,26.097
575,8/30/20 13:07,26.097
576,8/30/20 13:12,26.097
577,8/30/20 13:17,26.097
578,8/30/20 13:22,26.097
579,8/30/20 13:27,26.097
580,8/30/20 13:32,26.097
581,8/30/20 13:37,26.097
582,8/30/20 13:42,26.097
583,8/30/20 13:47,26.097
584,8/30/20 13:52,26.097
585,8/30/20 13:57,26.097
586,8/30/20 14:02,26.097
587,8/30/20 14:07,26.097
588,8/30/20 14:12,26.097
589,8/30/20 14:17,26.097
590,8/30/20 14:22,26.097
591,8/30/20 14:27,26.097
592,8/30/20 14:32,26.097
593,8/30/20 14:37,26.097
594,8/30/20 14:42,26.097
595,8/30/20 14:47,26.097
596,8/30/20 14:52,26.097
597,8/30/20 14:57,26.097
598,8/30/20 15:02,26.097
599,8/30/20 15:07,26.097
600,8/30/20 15:12,26.097
601,8/30/20 15:17,26.097
602,8/30/20 15:22,26.097
603,8/30/20 15:27,26.097
604,8/30/20 15:32,26.097
605,8/30/20 15:37,26.097
606,8/30/20 15:42,26.097
607,8/30/20 15:47,26.097
608,8/30/20 15:52,26.097
609,8/30/20 15:57,26.097
610,8/30/20 16:02,26.097
611,8/30/20 16:07,26.097
612,8/30/20 16:12,26.097
613,8/30/20 16:17,26.097
614,8/30/20 16:22,26.097
615,8/30/20 16:27,26.097
616,8/30/20 16:32,26.097
617,8/30/20 16:37,26.097
618,8/30/20 16:42,26.097
619,8/30/20 16:47,26.097
620,8/30/20 16:52,26.097
621,8/30/20 16:57,26.097
622,8/30/20 17:02,26.097
623,8/30/20 17:07,26.097
624,8/30/20 17:12,26.097
625,8/30/20 17:17,26.097
626,8/30/20 17:22,26.097
627,8/30/20 17:27,26
628,8/30/20 17:32,26
629,8/30/20 17:37,26
630,8/30/20 17:42,26
631,8/30/20 17:47,26
632,8/30/20 17:52,26
633,8/30/20 17:57,26
634,8/30/20 18:02,26
635,8/30/20 18:07,26
636,8/30/20 18:12,26
637,8/30/20 18:17,26
638,8/30/20 18:22,26
639,8/30/20 18:27,26
640,8/30/20 18:32,26
641,8/30/20 18:37,26
642,8/30/20 18:42,26
643,8/30/20 18:47,26
644,8/30/20 18:52,26
645,8/30/20 18:57,26
646,8/30/20 19:02,26
647,8/30/20 19:07,26
648,8/30/20 19:12,26
649,8/30/20 19:17,26
650,8/30/20 19:22,26
651,8/30/20 19:27,26
652,8/30/20 19:32,26
653,8/30/20 19:37,26
654,8/30/20 19:42,26
655,8/30/20 19:47,26
656,8/30/20 19:52,26
657,8/30/20 19:57,26
658,8/30/20 20:02,26
659,8/30/20 20:07,26
660,8/30/20 20:12,26
661,8/30/20 20:17,26
662,8/30/20 20:22,26
663,8/30/20 20:27,26
664,8/30/20 20:32,26
665,8/30/20 20:37,26
666,8/30/20 20:42,26
667,8/30/20 20:47,26
668,8/30/20 20:52,26
669,8/30/20 20:57,26
670,8/30/20 21:02,26.097
671,8/30/20 21:07,26.097
672,8/30/20 21:12,26.097
673,8/30/20 21:17,26.195
674,8/30/20 21:22,26.195
675,8/30/20 21:27,26.195
676,8/30/20 21:32,26.195
677,8/30/20 21:37,26.195
678,8/30/20 21:42,26.195
679,8/30/20 21:47,26.097
680,8/30/20 21:52,26.097
681,8/30/20 21:57,26.097
682,8/30/20 22:02,26.097
683,8/30/20 22:07,26.097
684,8/30/20 22:12,26.097
685,8/30/20 22:17,26.097
686,8/30/20 22:22,26.097
687,8/30/20 22:27,26.097
688,8/30/20 22:32,26.097
689,8/30/20 22:37,26.195
690,8/30/20 22:42,26.195
691,8/30/20 22:47,26.195
692,8/30/20 22:52,26.292
693,8/30/20 22:57,26.292
694,8/30/20 23:02,26.292
695,8/30/20 23:07,26.195
696,8/30/20 23:12,26.195
697,8/30/20 23:17,26.195
698,8/30/20 23:22,26.195
699,8/30/20 23:27,26.195
700,8/30/20 23:32,26.195
701,8/30/20 23:37,26.195
702,8/30/20 23:42,26.195
703,8/30/20 23:47,26.195
704,8/30/20 23:52,26.195
705,8/30/20 23:57,26.195
706,8/31/20 0:02,26.292
707,8/31/20 0:07,26.292
708,8/31/20 0:12,26.292
709,8/31/20 0:17,26.292
710,8/31/20 0:22,26.292
711,8/31/20 0:27,26.292
712,8/31/20 0:32,26.292
713,8/31/20 0:37,26.292
714,8/31/20 0:42,26.292
715,8/31/20 0:47,26.292
716,8/31/20 0:52,26.292
717,8/31/20 0:57,26.292
718,8/31/20 1:02,26.195
719,8/31/20 1:07,26.195
720,8/31/20 1:12,26.292
721,8/31/20 1:17,26.292
722,8/31/20 1:22,26.292
723,8/31/20 1:27,26.39
724,8/31/20 1:32,26.39
725,8/31/20 1:37,26.39
726,8/31/20 1:42,26.39
727,8/31/20 1:47,26.39
728,8/31/20 1:52,26.292
729,8/31/20 1:57,26.292
730,8/31/20 2:02,26.292
731,8/31/20 2:07,26.292
732,8/31/20 2:12,26.292
733,8/31/20 2:17,26.292
734,8/31/20 2:22,26.292
735,8/31/20 2:27,26.195
736,8/31/20 2:32,26.195
737,8/31/20 2:37,26.195
738,8/31/20 2:42,26.195
739,8/31/20 2:47,26.195
740,8/31/20 2:52,26.195
741,8/31/20 2:57,26.195
742,8/31/20 3:02,26.195
743,8/31/20 3:07,26.292
744,8/31/20 3:12,26.292
745,8/31/20 3:17,26.292
746,8/31/20 3:22,26.39
747,8/31/20 3:27,26.39
748,8/31/20 3:32,26.39
749,8/31/20 3:37,26.39
750,8/31/20 3:42,26.39
751,8/31/20 3:47,26.292
752,8/31/20 3:52,26.292
753,8/31/20 3:57,26.292
754,8/31/20 4:02,26.292
755,8/31/20 4:07,26.292
756,8/31/20 4:12,26.292
757,8/31/20 4:17,26.292
758,8/31/20 4:22,26.292
759,8/31/20 4:27,26.39
760,8/31/20 4:32,26.39
761,8/31/20 4:37,26.39
762,8/31/20 4:42,26.488
763,8/31/20 4:47,26.39
764,8/31/20 4:52,26.39
765,8/31/20 4:57,26.39
766,8/31/20 5:02,26.39
767,8/31/20 5:07,26.39
768,8/31/20 5:12,26.39
769,8/31/20 5:17,26.292
770,8/31/20 5:22,26.292
771,8/31/20 5:27,26.292
772,8/31/20 5:32,26.292
773,8/31/20 5:37,26.292
774,8/31/20 5:42,26.292
775,8/31/20 5:47,26.292
776,8/31/20 5:52,26.39
777,8/31/20 5:57,26.39
778,8/31/20 6:02,26.39
779,8/31/20 6:07,26.488
780,8/31/20 6:12,26.488
781,8/31/20 6:17,26.39
782,8/31/20 6:22,26.39
783,8/31/20 6:27,26.39
784,8/31/20 6:32,26.39
785,8/31/20 6:37,26.39
786,8/31/20 6:42,26.39
787,8/31/20 6:47,26.39
788,8/31/20 6:52,26.39
789,8/31/20 6:57,26.39
790,8/31/20 7:02,26.39
791,8/31/20 7:07,26.39
792,8/31/20 7:12,26.39
793,8/31/20 7:17,26.39
794,8/31/20 7:22,26.39
795,8/31/20 7:27,26.488
796,8/31/20 7:32,26.488
797,8/31/20 7:37,26.488
798,8/31/20 7:42,26.488
799,8/31/20 7:47,26.488
800,8/31/20 7:52,26.488
801,8/31/20 7:57,26.488
802,8/31/20 8:02,26.39
803,8/31/20 8:07,26.39
804,8/31/20 8:12,26.39
805,8/31/20 8:17,26.39
806,8/31/20 8:22,26.39
807,8/31/20 8:27,26.39
808,8/31/20 8:32,26.39
809,8/31/20 8:37,26.39
810,8/31/20 8:42,26.39
811,8/31/20 8:47,26.39
812,8/31/20 8:52,26.39
813,8/31/20 8:57,26.39
814,8/31/20 9:02,26.39
815,8/31/20 9:07,26.39
816,8/31/20 9:12,26.39
817,8/31/20 9:17,26.39
818,8/31/20 9:22,26.39
819,8/31/20 9:27,26.39
820,8/31/20 9:32,26.39
821,8/31/20 9:37,26.39
822,8/31/20 9:42,26.39
823,8/31/20 9:47,26.39
824,8/31/20 9:52,26.39
825,8/31/20 9:57,26.39
826,8/31/20 10:02,26.39
827,8/31/20 10:07,26.39
828,8/31/20 10:12,26.39
829,8/31/20 10:17,26.39
830,8/31/20 10:22,26.39
831,8/31/20 10:27,26.39
832,8/31/20 10:32,26.39
833,8/31/20 10:37,26.39
834,8/31/20 10:42,26.39
835,8/31/20 10:47,26.39
836,8/31/20 10:52,26.39
837,8/31/20 10:57,26.39
838,8/31/20 11:02,26.39
839,8/31/20 11:07,26.39
840,8/31/20 11:12,26.39
841,8/31/20 11:17,26.39
842,8/31/20 11:22,26.39
843,8/31/20 11:27,26.39
844,8/31/20 11:32,26.39
845,8/31/20 11:37,26.39
846,8/31/20 11:42,26.39
847,8/31/20 11:47,26.39
848,8/31/20 11:52,26.39
849,8/31/20 11:57,26.39
850,8/31/20 12:02,26.39
851,8/31/20 12:07,26.39
852,8/31/20 12:12,26.39
853,8/31/20 12:17,26.39
854,8/31/20 12:22,26.39
855,8/31/20 12:27,26.39
856,8/31/20 12:32,26.39
857,8/31/20 12:37,26.39
858,8/31/20 12:42,26.39
859,8/31/20 12:47,26.39
860,8/31/20 12:52,26.292
861,8/31/20 12:57,26.39
862,8/31/20 13:02,26.39
863,8/31/20 13:07,26.292
864,8/31/20 13:12,26.292
865,8/31/20 13:17,26.292
866,8/31/20 13:22,26.292
867,8/31/20 13:27,26.292
868,8/31/20 13:32,26.292
869,8/31/20 13:37,26.292
870,8/31/20 13:42,26.292
871,8/31/20 13:47,26.292
872,8/31/20 13:52,26.292
873,8/31/20 13:57,26.292
874,8/31/20 14:02,26.292
875,8/31/20 14:07,26.292
876,8/31/20 14:12,26.292
877,8/31/20 14:17,26.292
878,8/31/20 14:22,26.292
879,8/31/20 14:27,26.292
880,8/31/20 14:32,26.292
881,8/31/20 14:37,26.292
882,8/31/20 14:42,26.292
883,8/31/20 14:47,26.292
884,8/31/20 14:52,26.292
885,8/31/20 14:57,26.39
886,8/31/20 15:02,26.39
887,8/31/20 15:07,26.39
888,8/31/20 15:12,26.39
889,8/31/20 15:17,26.292
890,8/31/20 15:22,26.292
891,8/31/20 15:27,26.292
892,8/31/20 15:32,26.292
893,8/31/20 15:37,26.292
894,8/31/20 15:42,26.292
895,8/31/20 15:47,26.292
896,8/31/20 15:52,26.292
897,8/31/20 15:57,26.292
898,8/31/20 16:02,26.292
899,8/31/20 16:07,26.292
900,8/31/20 16:12,26.292
901,8/31/20 16:17,26.292
902,8/31/20 16:22,26.292
903,8/31/20 16:27,26.292
904,8/31/20 16:32,26.292
905,8/31/20 16:37,26.292
906,8/31/20 16:42,26.292
907,8/31/20 16:47,26.292
908,8/31/20 16:52,26.292
909,8/31/20 16:57,26.292
910,8/31/20 17:02,26.292
911,8/31/20 17:07,26.292
912,8/31/20 17:12,26.292
913,8/31/20 17:17,26.292
914,8/31/20 17:22,26.292
915,8/31/20 17:27,26.292
916,8/31/20 17:32,26.292
917,8/31/20 17:37,26.292
918,8/31/20 17:42,26.292
919,8/31/20 17:47,26.292
920,8/31/20 17:52,26.292
921,8/31/20 17:57,26.292
922,8/31/20 18:02,26.292
923,8/31/20 18:07,26.195
924,8/31/20 18:12,26.292
925,8/31/20 18:17,26.195
926,8/31/20 18:22,26.195
927,8/31/20 18:27,26.195
928,8/31/20 18:32,26.195
929,8/31/20 18:37,26.195
930,8/31/20 18:42,26.195
931,8/31/20 18:47,26.195
932,8/31/20 18:52,26.195
933,8/31/20 18:57,26.292
934,8/31/20 19:02,26.195
935,8/31/20 19:07,26.195
936,8/31/20 19:12,26.292
937,8/31/20 19:17,26.292
938,8/31/20 19:22,26.292
939,8/31/20 19:27,26.292
940,8/31/20 19:32,26.292
941,8/31/20 19:37,26.292
942,8/31/20 19:42,26.292
943,8/31/20 19:47,26.292
944,8/31/20 19:52,26.292
945,8/31/20 19:57,26.292
946,8/31/20 20:02,26.292
947,8/31/20 20:07,26.195
948,8/31/20 20:12,26.292
949,8/31/20 20:17,26.292
950,8/31/20 20:22,26.292
951,8/31/20 20:27,26.195
952,8/31/20 20:32,26.195
953,8/31/20 20:37,26.195
954,8/31/20 20:42,26.195
955,8/31/20 20:47,26.195
956,8/31/20 20:52,26.195
957,8/31/20 20:57,26.195
958,8/31/20 21:02,26.195
959,8/31/20 21:07,26.292
960,8/31/20 21:12,26.292
961,8/31/20 21:17,26.292
962,8/31/20 21:22,26.39
963,8/31/20 21:27,26.39
964,8/31/20 21:32,26.39
965,8/31/20 21:37,26.39
966,8/31/20 21:42,26.39
967,8/31/20 21:47,26.39
968,8/31/20 21:52,26.39
969,8/31/20 21:57,26.39
970,8/31/20 22:02,26.39
971,8/31/20 22:07,26.292
972,8/31/20 22:12,26.292
973,8/31/20 22:17,26.292
974,8/31/20 22:22,26.292
975,8/31/20 22:27,26.292
976,8/31/20 22:32,26.292
977,8/31/20 22:37,26.292
978,8/31/20 22:42,26.39
979,8/31/20 22:47,26.39
980,8/31/20 22:52,26.39
981,8/31/20 22:57,26.488
982,8/31/20 23:02,26.488
983,8/31/20 23:07,26.488
984,8/31/20 23:12,26.488
985,8/31/20 23:17,26.488
986,8/31/20 23:22,26.488
987,8/31/20 23:27,26.488
988,8/31/20 23:32,26.39
989,8/31/20 23:37,26.39
990,8/31/20 23:42,26.39
991,8/31/20 23:47,26.39
992,8/31/20 23:52,26.39
993,8/31/20 23:57,26.39
994,9/1/20 0:02,26.39
995,9/1/20 0:07,26.39
996,9/1/20 0:12,26.39
997,9/1/20 0:17,26.488
998,9/1/20 0:22,26.488
999,9/1/20 0:27,26.488
1000,9/1/20 0:32,26.488
1001,9/1/20 0:37,26.488
1002,9/1/20 0:42,26.488
1003,9/1/20 0:47,26.488
1004,9/1/20 0:52,26.488
1005,9/1/20 0:57,26.488
1006,9/1/20 1:02,26.488
1007,9/1/20 1:07,26.39
1008,9/1/20 1:12,26.39
1009,9/1/20 1:17,26.39
1010,9/1/20 1:22,26.39
1011,9/1/20 1:27,26.39
1012,9/1/20 1:32,26.39
1013,9/1/20 1:37,26.39
1014,9/1/20 1:42,26.39
1015,9/1/20 1:47,26.39
1016,9/1/20 1:52,26.292
1017,9/1/20 1:57,26.39
1018,9/1/20 2:02,26.39
1019,9/1/20 2:07,26.39
1020,9/1/20 2:12,26.488
1021,9/1/20 2:17,26.488
1022,9/1/20 2:22,26.488
1023,9/1/20 2:27,26.488
1024,9/1/20 2:32,26.488
1025,9/1/20 2:37,26.488
1026,9/1/20 2:42,26.488
1027,9/1/20 2:47,26.488
1028,9/1/20 2:52,26.488
1029,9/1/20 2:57,26.488
1030,9/1/20 3:02,26.488
1031,9/1/20 3:07,26.488
1032,9/1/20 3:12,26.39
1033,9/1/20 3:17,26.39
1034,9/1/20 3:22,26.488
1035,9/1/20 3:27,26.488
1036,9/1/20 3:32,26.488
1037,9/1/20 3:37,26.488
1038,9/1/20 3:42,26.488
1039,9/1/20 3:47,26.585
1040,9/1/20 3:52,26.585
1041,9/1/20 3:57,26.585
1042,9/1/20 4:02,26.585
1043,9/1/20 4:07,26.488
1044,9/1/20 4:12,26.488
1045,9/1/20 4:17,26.488
1046,9/1/20 4:22,26.488
1047,9/1/20 4:27,26.488
1048,9/1/20 4:32,26.488
1049,9/1/20 4:37,26.488
1050,9/1/20 4:42,26.39
1051,9/1/20 4:47,26.39
1052,9/1/20 4:52,26.39
1053,9/1/20 4:57,26.39
1054,9/1/20 5:02,26.39
1055,9/1/20 5:07,26.39
1056,9/1/20 5:12,26.39
1057,9/1/20 5:17,26.39
1058,9/1/20 5:22,26.488
1059,9/1/20 5:27,26.488
1060,9/1/20 5:32,26.488
1061,9/1/20 5:37,26.585
1062,9/1/20 5:42,26.585
1063,9/1/20 5:47,26.585
1064,9/1/20 5:52,26.585
1065,9/1/20 5:57,26.488
1066,9/1/20 6:02,26.488
1067,9/1/20 6:07,26.488
1068,9/1/20 6:12,26.488
1069,9/1/20 6:17,26.488
1070,9/1/20 6:22,26.488
1071,9/1/20 6:27,26.488
1072,9/1/20 6:32,26.39
1073,9/1/20 6:37,26.39
1074,9/1/20 6:42,26.39
1075,9/1/20 6:47,26.39
1076,9/1/20 6:52,26.39
1077,9/1/20 6:57,26.39
1078,9/1/20 7:02,26.39
1079,9/1/20 7:07,26.39
1080,9/1/20 7:12,26.39
1081,9/1/20 7:17,26.488
1082,9/1/20 7:22,26.488
1083,9/1/20 7:27,26.488
1084,9/1/20 7:32,26.585
1085,9/1/20 7:37,26.585
1086,9/1/20 7:42,26.585
1087,9/1/20 7:47,26.585
1088,9/1/20 7:52,26.585
1089,9/1/20 7:57,26.488
1090,9/1/20 8:02,26.488
1091,9/1/20 8:07,26.488
1092,9/1/20 8:12,26.488
1093,9/1/20 8:17,26.488
1094,9/1/20 8:22,26.488
1095,9/1/20 8:27,26.488
1096,9/1/20 8:32,26.488
1097,9/1/20 8:37,26.488
1098,9/1/20 8:42,26.488
1099,9/1/20 8:47,26.488
1100,9/1/20 8:52,26.488
1101,9/1/20 8:57,26.39
1102,9/1/20 9:02,26.488
1103,9/1/20 9:07,26.488
1104,9/1/20 9:12,26.488
1105,9/1/20 9:17,26.488
1106,9/1/20 9:22,26.488
1107,9/1/20 9:27,26.488
1108,9/1/20 9:32,26.488
1109,9/1/20 9:37,26.488
1110,9/1/20 9:42,26.488
1111,9/1/20 9:47,26.488
1112,9/1/20 9:52,26.488
1113,9/1/20 9:57,26.488
1114,9/1/20 10:02,26.488
1115,9/1/20 10:07,26.488
1116,9/1/20 10:12,26.488
1117,9/1/20 10:17,26.488
1118,9/1/20 10:22,26.488
1119,9/1/20 10:27,26.488
1120,9/1/20 10:32,26.488
1121,9/1/20 10:37,26.488
1122,9/1/20 10:42,26.488
1123,9/1/20 10:47,26.488
1124,9/1/20 10:52,26.488
1125,9/1/20 10:57,26.488
1126,9/1/20 11:02,26.488
1127,9/1/20 11:07,26.488
1128,9/1/20 11:12,26.488
1129,9/1/20 11:17,26.488
1130,9/1/20 11:22,26.488
1131,9/1/20 11:27,26.488
1132,9/1/20 11:32,26.488
1133,9/1/20 11:37,26.488
1134,9/1/20 11:42,26.488
1135,9/1/20 11:47,26.488
1136,9/1/20 11:52,26.488
1137,9/1/20 11:57,26.488
1138,9/1/20 12:02,26.488
1139,9/1/20 12:07,26.488
1140,9/1/20 12:12,26.488
1141,9/1/20 12:17,26.488
1142,9/1/20 12:22,26.488
1143,9/1/20 12:27,26.488
1144,9/1/20 12:32,26.488
1145,9/1/20 12:37,26.488
1146,9/1/20 12:42,26.488
1147,9/1/20 12:47,26.39
1148,9/1/20 12:52,26.39
1149,9/1/20 12:57,26.39
1150,9/1/20 13:02,26.39
1151,9/1/20 13:07,26.39
1152,9/1/20 13:12,26.39
1153,9/1/20 13:17,26.39
1154,9/1/20 13:22,26.39
1155,9/1/20 13:27,26.39
1156,9/1/20 13:32,26.39
1157,9/1/20 13:37,26.39
1158,9/1/20 13:42,26.39
1159,9/1/20 13:47,26.39
1160,9/1/20 13:52,26.39
1161,9/1/20 13:57,26.39
1162,9/1/20 14:02,26.39
1163,9/1/20 14:07,26.39
1164,9/1/20 14:12,26.39
1165,9/1/20 14:17,26.39
1166,9/1/20 14:22,26.39
1167,9/1/20 14:27,26.39
1168,9/1/20 14:32,26.39
1169,9/1/20 14:37,26.39
1170,9/1/20 14:42,26.39
1171,9/1/20 14:47,26.39
1172,9/1/20 14:52,26.39
1173,9/1/20 14:57,26.39
1174,9/1/20 15:02,26.39
1175,9/1/20 15:07,26.39
1176,9/1/20 15:12,26.39
1177,9/1/20 15:17,26.39
1178,9/1/20 15:22,26.39
1179,9/1/20 15:27,26.39
1180,9/1/20 15:32,26.39
1181,9/1/20 15:37,26.39
1182,9/1/20 15:42,26.39
1183,9/1/20 15:47,26.39
1184,9/1/20 15:52,26.39
1185,9/1/20 15:57,26.39
1186,9/1/20 16:02,26.39
1187,9/1/20 16:07,26.39
1188,9/1/20 16:12,26.39
1189,9/1/20 16:17,26.39
1190,9/1/20 16:22,26.39
1191,9/1/20 16:27,26.39
1192,9/1/20 16:32,26.39
1193,9/1/20 16:37,26.39
1194,9/1/20 16:42,26.39
1195,9/1/20 16:47,26.39
1196,9/1/20 16:52,26.39
1197,9/1/20 16:57,26.39
1198,9/1/20 17:02,26.39
1199,9/1/20 17:07,26.39
1200,9/1/20 17:12,26.39
1201,9/1/20 17:17,26.39
1202,9/1/20 17:22,26.39
1203,9/1/20 17:27,26.39
1204,9/1/20 17:32,26.39
1205,9/1/20 17:37,26.39
1206,9/1/20 17:42,26.39
1207,9/1/20 17:47,26.39
1208,9/1/20 17:52,26.39
1209,9/1/20 17:57,26.39
1210,9/1/20 18:02,26.39
1211,9/1/20 18:07,26.39
1212,9/1/20 18:12,26.39
1213,9/1/20 18:17,26.39
1214,9/1/20 18:22,26.39
1215,9/1/20 18:27,26.39
1216,9/1/20 18:32,26.292
1217,9/1/20 18:37,26.39
1218,9/1/20 18:42,26.39
1219,9/1/20 18:47,26.39
1220,9/1/20 18:52,26.39
1221,9/1/20 18:57,26.292
1222,9/1/20 19:02,26.39
1223,9/1/20 19:07,26.292
1224,9/1/20 19:12,26.292
1225,9/1/20 19:17,26.292
1226,9/1/20 19:22,26.39
1227,9/1/20 19:27,26.292
1228,9/1/20 19:32,26.292
1229,9/1/20 19:37,26.292
1230,9/1/20 19:42,26.292
1231,9/1/20 19:47,26.292
1232,9/1/20 19:52,26.292
1233,9/1/20 19:57,26.292
1234,9/1/20 20:02,26.292
1235,9/1/20 20:07,26.39
1236,9/1/20 20:12,26.292
1237,9/1/20 20:17,26.292
1238,9/1/20 20:22,26.39
1239,9/1/20 20:27,26.292
1240,9/1/20 20:32,26.292
1241,9/1/20 20:37,26.39
1242,9/1/20 20:42,26.39
1243,9/1/20 20:47,26.39
1244,9/1/20 20:52,26.488
1245,9/1/20 20:57,26.488
1246,9/1/20 21:02,26.488
1247,9/1/20 21:07,26.488
1248,9/1/20 21:12,26.488
1249,9/1/20 21:17,26.488
1250,9/1/20 21:22,26.488
1251,9/1/20 21:27,26.488
1252,9/1/20 21:32,26.488
1253,9/1/20 21:37,26.488
1254,9/1/20 21:42,26.488
1255,9/1/20 21:47,26.39
1256,9/1/20 21:52,26.39
1257,9/1/20 21:57,26.39
1258,9/1/20 22:02,26.39
1259,9/1/20 22:07,26.39
1260,9/1/20 22:12,26.39
1261,9/1/20 22:17,26.39
1262,9/1/20 22:22,26.39
1263,9/1/20 22:27,26.292
1264,9/1/20 22:32,26.292
1265,9/1/20 22:37,26.292
1266,9/1/20 22:42,26.292
1267,9/1/20 22:47,26.39
1268,9/1/20 22:52,26.39
1269,9/1/20 22:57,26.39
1270,9/1/20 23:02,26.488
1271,9/1/20 23:07,26.488
1272,9/1/20 23:12,26.488
1273,9/1/20 23:17,26.488
1274,9/1/20 23:22,26.488
1275,9/1/20 23:27,26.488
1276,9/1/20 23:32,26.488
1277,9/1/20 23:37,26.488
1278,9/1/20 23:42,26.488
1279,9/1/20 23:47,26.488
1280,9/1/20 23:52,26.488
1281,9/1/20 23:57,26.488
1282,9/2/20 0:02,26.585
1283,9/2/20 0:07,26.585
1284,9/2/20 0:12,26.585
1285,9/2/20 0:17,26.585
1286,9/2/20 0:22,26.585
1287,9/2/20 0:27,26.585
1288,9/2/20 0:32,26.585
1289,9/2/20 0:37,26.585
1290,9/2/20 0:42,26.585
1291,9/2/20 0:47,26.585
1292,9/2/20 0:52,26.585
1293,9/2/20 0:57,26.488
1294,9/2/20 1:02,26.488
1295,9/2/20 1:07,26.488
1296,9/2/20 1:12,26.488
1297,9/2/20 1:17,26.488
1298,9/2/20 1:22,26.585
1299,9/2/20 1:27,26.585
1300,9/2/20 1:32,26.585
1301,9/2/20 1:37,26.683
1302,9/2/20 1:42,26.683
1303,9/2/20 1:47,26.683
1304,9/2/20 1:52,26.683
1305,9/2/20 1:57,26.683
1306,9/2/20 2:02,26.683
1307,9/2/20 2:07,26.585
1308,9/2/20 2:12,26.585
1309,9/2/20 2:17,26.585
1310,9/2/20 2:22,26.585
1311,9/2/20 2:27,26.585
1312,9/2/20 2:32,26.585
1313,9/2/20 2:37,26.585
1314,9/2/20 2:42,26.585
1315,9/2/20 2:47,26.585
1316,9/2/20 2:52,26.683
1317,9/2/20 2:57,26.683
1318,9/2/20 3:02,26.683
1319,9/2/20 3:07,26.683
1320,9/2/20 3:12,26.683
1321,9/2/20 3:17,26.683
1322,9/2/20 3:22,26.683
1323,9/2/20 3:27,26.683
1324,9/2/20 3:32,26.683
1325,9/2/20 3:37,26.585
1326,9/2/20 3:42,26.585
1327,9/2/20 3:47,26.585
1328,9/2/20 3:52,26.585
1329,9/2/20 3:57,26.585
1330,9/2/20 4:02,26.585
1331,9/2/20 4:07,26.585
1332,9/2/20 4:12,26.585
1333,9/2/20 4:17,26.683
1334,9/2/20 4:22,26.683
1335,9/2/20 4:27,26.683
1336,9/2/20 4:32,26.683
1337,9/2/20 4:37,26.781
1338,9/2/20 4:42,26.683
1339,9/2/20 4:47,26.683
1340,9/2/20 4:52,26.683
1341,9/2/20 4:57,26.683
1342,9/2/20 5:02,26.683
1343,9/2/20 5:07,26.683
1344,9/2/20 5:12,26.585
1345,9/2/20 5:17,26.585
1346,9/2/20 5:22,26.585
1347,9/2/20 5:27,26.585
1348,9/2/20 5:32,26.585
1349,9/2/20 5:37,26.585
1350,9/2/20 5:42,26.585
1351,9/2/20 5:47,26.585
1352,9/2/20 5:52,26.585
1353,9/2/20 5:57,26.585
1354,9/2/20 6:02,26.585
1355,9/2/20 6:07,26.683
1356,9/2/20 6:12,26.683
1357,9/2/20 6:17,26.683
1358,9/2/20 6:22,26.683
1359,9/2/20 6:27,26.683
1360,9/2/20 6:32,26.683
1361,9/2/20 6:37,26.683
1362,9/2/20 6:42,26.683
1363,9/2/20 6:47,26.585
1364,9/2/20 6:52,26.683
1365,9/2/20 6:57,26.585
1366,9/2/20 7:02,26.585
1367,9/2/20 7:07,26.585
1368,9/2/20 7:12,26.585
1369,9/2/20 7:17,26.585
1370,9/2/20 7:22,26.585
1371,9/2/20 7:27,26.488
1372,9/2/20 7:32,26.488
1373,9/2/20 7:37,26.488
1374,9/2/20 7:42,26.488
1375,9/2/20 7:47,26.585
1376,9/2/20 7:52,26.585
1377,9/2/20 7:57,26.585
1378,9/2/20 8:02,26.683
1379,9/2/20 8:07,26.683
1380,9/2/20 8:12,26.683
1381,9/2/20 8:17,26.683
1382,9/2/20 8:22,26.683
1383,9/2/20 8:27,26.683
1384,9/2/20 8:32,26.683
1385,9/2/20 8:37,26.683
1386,9/2/20 8:42,26.683
1387,9/2/20 8:47,26.683
1388,9/2/20 8:52,26.683
1389,9/2/20 8:57,26.683
1390,9/2/20 9:02,26.683
1391,9/2/20 9:07,26.683
1392,9/2/20 9:12,26.683
1393,9/2/20 9:17,26.683
1394,9/2/20 9:22,26.683
1395,9/2/20 9:27,26.683
1396,9/2/20 9:32,26.683
1397,9/2/20 9:37,26.683
1398,9/2/20 9:42,26.683
1399,9/2/20 9:47,26.683
1400,9/2/20 9:52,26.683
1401,9/2/20 9:57,26.683
1402,9/2/20 10:02,26.683
1403,9/2/20 10:07,26.683
1404,9/2/20 10:12,26.683
1405,9/2/20 10:17,26.683
1406,9/2/20 10:22,26.683
1407,9/2/20 10:27,26.683
1408,9/2/20 10:32,26.683
1409,9/2/20 10:37,26.683
1410,9/2/20 10:42,26.683
1411,9/2/20 10:47,26.683
1412,9/2/20 10:52,26.683
1413,9/2/20 10:57,26.683
1414,9/2/20 11:02,26.683
1415,9/2/20 11:07,26.683
1416,9/2/20 11:12,26.683
1417,9/2/20 11:17,26.683
1418,9/2/20 11:22,26.683
1419,9/2/20 11:27,26.683
1420,9/2/20 11:32,26.683
1421,9/2/20 11:37,26.683
1422,9/2/20 11:42,26.683
1423,9/2/20 11:47,26.683
1424,9/2/20 11:52,26.683
1425,9/2/20 11:57,26.683
1426,9/2/20 12:02,26.683
1427,9/2/20 12:07,26.683
1428,9/2/20 12:12,26.683
1429,9/2/20 12:17,26.683
1430,9/2/20 12:22,26.683
1431,9/2/20 12:27,26.683
1432,9/2/20 12:32,26.683
1433,9/2/20 12:37,26.683
1434,9/2/20 12:42,26.683
1435,9/2/20 12:47,26.683
1436,9/2/20 12:52,26.683
1437,9/2/20 12:57,26.683
1438,9/2/20 13:02,26.585
1439,9/2/20 13:07,26.585
1440,9/2/20 13:12,26.585
1441,9/2/20 13:17,26.585
1442,9/2/20 13:22,26.585
1443,9/2/20 13:27,26.585
1444,9/2/20 13:32,26.585
1445,9/2/20 13:37,26.585
1446,9/2/20 13:42,26.585
1447,9/2/20 13:47,26.585
1448,9/2/20 13:52,26.585
1449,9/2/20 13:57,26.585
1450,9/2/20 14:02,26.585
1451,9/2/20 14:07,26.585
1452,9/2/20 14:12,26.585
1453,9/2/20 14:17,26.585
1454,9/2/20 14:22,26.585
1455,9/2/20 14:27,26.585
1456,9/2/20 14:32,26.585
1457,9/2/20 14:37,26.585
1458,9/2/20 14:42,26.585
1459,9/2/20 14:47,26.585
1460,9/2/20 14:52,26.585
1461,9/2/20 14:57,26.585
1462,9/2/20 15:02,26.585
1463,9/2/20 15:07,26.585
1464,9/2/20 15:12,26.585
1465,9/2/20 15:17,26.585
1466,9/2/20 15:22,26.585
1467,9/2/20 15:27,26.585
1468,9/2/20 15:32,26.585
1469,9/2/20 15:37,26.585
1470,9/2/20 15:42,26.585
1471,9/2/20 15:47,26.585
1472,9/2/20 15:52,26.585
1473,9/2/20 15:57,26.585
1474,9/2/20 16:02,26.585
1475,9/2/20 16:07,26.585
1476,9/2/20 16:12,26.585
1477,9/2/20 16:17,26.585
1478,9/2/20 16:22,26.585
1479,9/2/20 16:27,26.585
1480,9/2/20 16:32,26.585
1481,9/2/20 16:37,26.488
1482,9/2/20 16:42,26.585
1483,9/2/20 16:47,26.488
1484,9/2/20 16:52,26.585
1485,9/2/20 16:57,26.585
1486,9/2/20 17:02,26.585
1487,9/2/20 17:07,26.585
1488,9/2/20 17:12,26.585
1489,9/2/20 17:17,26.488
1490,9/2/20 17:22,26.488
1491,9/2/20 17:27,26.488
1492,9/2/20 17:32,26.488
1493,9/2/20 17:37,26.488
1494,9/2/20 17:42,26.488
1495,9/2/20 17:47,26.488
1496,9/2/20 17:52,26.488
1497,9/2/20 17:57,26.488
1498,9/2/20 18:02,26.488
1499,9/2/20 18:07,26.488
1500,9/2/20 18:12,26.488
1501,9/2/20 18:17,26.488
1502,9/2/20 18:22,26.488
1503,9/2/20 18:27,26.488
1504,9/2/20 18:32,26.488
1505,9/2/20 18:37,26.488
1506,9/2/20 18:42,26.488
1507,9/2/20 18:47,26.488
1508,9/2/20 18:52,26.488
1509,9/2/20 18:57,26.488
1510,9/2/20 19:02,26.488
1511,9/2/20 19:07,26.488
1512,9/2/20 19:12,26.488
1513,9/2/20 19:17,26.488
1514,9/2/20 19:22,26.488
1515,9/2/20 19:27,26.488
1516,9/2/20 19:32,26.488
1517,9/2/20 19:37,26.39
1518,9/2/20 19:42,26.488
1519,9/2/20 19:47,26.488
1520,9/2/20 19:52,26.488
1521,9/2/20 19:57,26.488
1522,9/2/20 20:02,26.488
1523,9/2/20 20:07,26.39
1524,9/2/20 20:12,26.39
1525,9/2/20 20:17,26.39
1526,9/2/20 20:22,26.39
1527,9/2/20 20:27,26.39
1528,9/2/20 20:32,26.39
1529,9/2/20 20:37,26.39
1530,9/2/20 20:42,26.39
1531,9/2/20 20:47,26.39
1532,9/2/20 20:52,26.39
1533,9/2/20 20:57,26.39
1534,9/2/20 21:02,26.39
1535,9/2/20 21:07,26.39
1536,9/2/20 21:12,26.39
1537,9/2/20 21:17,26.39
1538,9/2/20 21:22,26.39
1539,9/2/20 21:27,26.292
1540,9/2/20 21:32,26.292
1541,9/2/20 21:37,26.39
1542,9/2/20 21:42,26.39
1543,9/2/20 21:47,26.39
1544,9/2/20 21:52,26.488
1545,9/2/20 21:57,26.488
1546,9/2/20 22:02,26.488
1547,9/2/20 22:07,26.488
1548,9/2/20 22:12,26.488
1549,9/2/20 22:17,26.488
1550,9/2/20 22:22,26.488
1551,9/2/20 22:27,26.488
1552,9/2/20 22:32,26.488
1553,9/2/20 22:37,26.488
1554,9/2/20 22:42,26.488
1555,9/2/20 22:47,26.488
1556,9/2/20 22:52,26.488
1557,9/2/20 22:57,26.488
1558,9/2/20 23:02,26.488
1559,9/2/20 23:07,26.39
1560,9/2/20 23:12,26.39
1561,9/2/20 23:17,26.39
1562,9/2/20 23:22,26.488
1563,9/2/20 23:27,26.488
1564,9/2/20 23:32,26.488
1565,9/2/20 23:37,26.585
1566,9/2/20 23:42,26.585
1567,9/2/20 23:47,26.585
1568,9/2/20 23:52,26.585
1569,9/2/20 23:57,26.585
1570,9/3/20 0:02,26.585
1571,9/3/20 0:07,26.585
1572,9/3/20 0:12,26.585
1573,9/3/20 0:17,26.585
1574,9/3/20 0:22,26.488
1575,9/3/20 0:27,26.488
1576,9/3/20 0:32,26.488
1577,9/3/20 0:37,26.488
1578,9/3/20 0:42,26.488
1579,9/3/20 0:47,26.488
1580,9/3/20 0:52,26.488
1581,9/3/20 0:57,26.488
1582,9/3/20 1:02,26.488
1583,9/3/20 1:07,26.488
1584,9/3/20 1:12,26.39
1585,9/3/20 1:17,26.39
1586,9/3/20 1:22,26.39
1587,9/3/20 1:27,26.488
1588,9/3/20 1:32,26.488
1589,9/3/20 1:37,26.488
1590,9/3/20 1:42,26.585
1591,9/3/20 1:47,26.585
1592,9/3/20 1:52,26.585
1593,9/3/20 1:57,26.585
1594,9/3/20 2:02,26.585
1595,9/3/20 2:07,26.585
1596,9/3/20 2:12,26.585
1597,9/3/20 2:17,26.585
1598,9/3/20 2:22,26.585
1599,9/3/20 2:27,26.585
1600,9/3/20 2:32,26.585
1601,9/3/20 2:37,26.488
1602,9/3/20 2:42,26.488
1603,9/3/20 2:47,26.488
1604,9/3/20 2:52,26.488
1605,9/3/20 2:57,26.488
1606,9/3/20 3:02,26.585
1607,9/3/20 3:07,26.585
1608,9/3/20 3:12,26.585
1609,9/3/20 3:17,26.683
1610,9/3/20 3:22,26.683
1611,9/3/20 3:27,26.683
1612,9/3/20 3:32,26.683
1613,9/3/20 3:37,26.683
1614,9/3/20 3:42,26.683
1615,9/3/20 3:47,26.683
1616,9/3/20 3:52,26.683
1617,9/3/20 3:57,26.585
1618,9/3/20 4:02,26.585
1619,9/3/20 4:07,26.585
1620,9/3/20 4:12,26.585
1621,9/3/20 4:17,26.585
1622,9/3/20 4:22,26.585
1623,9/3/20 4:27,26.585
1624,9/3/20 4:32,26.585
1625,9/3/20 4:37,26.585
1626,9/3/20 4:42,26.683
1627,9/3/20 4:47,26.683
1628,9/3/20 4:52,26.683
1629,9/3/20 4:57,26.683
1630,9/3/20 5:02,26.683
1631,9/3/20 5:07,26.683
1632,9/3/20 5:12,26.683
1633,9/3/20 5:17,26.683
1634,9/3/20 5:22,26.683
1635,9/3/20 5:27,26.683
1636,9/3/20 5:32,26.683
1637,9/3/20 5:37,26.585
1638,9/3/20 5:42,26.585
1639,9/3/20 5:47,26.585
1640,9/3/20 5:52,26.585
1641,9/3/20 5:57,26.585
1642,9/3/20 6:02,26.585
1643,9/3/20 6:07,26.488
1644,9/3/20 6:12,26.585
1645,9/3/20 6:17,26.488
1646,9/3/20 6:22,26.488
1647,9/3/20 6:27,26.488
1648,9/3/20 6:32,26.488
1649,9/3/20 6:37,26.585
1650,9/3/20 6:42,26.585
1651,9/3/20 6:47,26.585
1652,9/3/20 6:52,26.683
1653,9/3/20 6:57,26.683
1654,9/3/20 7:02,26.683
1655,9/3/20 7:07,26.683
1656,9/3/20 7:12,26.683
1657,9/3/20 7:17,26.683
1658,9/3/20 7:22,26.683
1659,9/3/20 7:27,26.683
1660,9/3/20 7:32,26.683
1661,9/3/20 7:37,26.683
1662,9/3/20 7:42,26.683
1663,9/3/20 7:47,26.585
1664,9/3/20 7:52,26.585
1665,9/3/20 7:57,26.585
1666,9/3/20 8:02,26.585
1667,9/3/20 8:07,26.585
1668,9/3/20 8:12,26.585
1669,9/3/20 8:17,26.585
1670,9/3/20 8:22,26.683
1671,9/3/20 8:27,26.683
1672,9/3/20 8:32,26.683
1673,9/3/20 8:37,26.683
1674,9/3/20 8:42,26.683
1675,9/3/20 8:47,26.683
1676,9/3/20 8:52,26.683
1677,9/3/20 8:57,26.683
1678,9/3/20 9:02,26.781
1679,9/3/20 9:07,26.781
1680,9/3/20 9:12,26.781
1681,9/3/20 9:17,26.781
1682,9/3/20 9:22,26.683
1683,9/3/20 9:27,26.683
1684,9/3/20 9:32,26.683
1685,9/3/20 9:37,26.683
1686,9/3/20 9:42,26.683
1687,9/3/20 9:47,26.683
1688,9/3/20 9:52,26.683
1689,9/3/20 9:57,26.683
1690,9/3/20 10:02,26.683
1691,9/3/20 10:07,26.683
1692,9/3/20 10:12,26.683
1693,9/3/20 10:17,26.683
1694,9/3/20 10:22,26.683
1695,9/3/20 10:27,26.683
1696,9/3/20 10:32,26.683
1697,9/3/20 10:37,26.683
1698,9/3/20 10:42,26.683
1699,9/3/20 10:47,26.683
1700,9/3/20 10:52,26.683
1701,9/3/20 10:57,26.683
1702,9/3/20 11:02,26.683
1703,9/3/20 11:07,26.683
1704,9/3/20 11:12,26.683
1705,9/3/20 11:17,26.683
1706,9/3/20 11:22,26.683
1707,9/3/20 11:27,26.683
1708,9/3/20 11:32,26.683
1709,9/3/20 11:37,26.683
1710,9/3/20 11:42,26.683
1711,9/3/20 11:47,26.585
1712,9/3/20 11:52,26.683
1713,9/3/20 11:57,26.683
1714,9/3/20 12:02,26.683
1715,9/3/20 12:07,26.683
1716,9/3/20 12:12,26.683
1717,9/3/20 12:17,26.585
1718,9/3/20 12:22,26.683
1719,9/3/20 12:27,26.585
1720,9/3/20 12:32,26.683
1721,9/3/20 12:37,26.585
1722,9/3/20 12:42,26.683
1723,9/3/20 12:47,26.585
1724,9/3/20 12:52,26.585
1725,9/3/20 12:57,26.585
1726,9/3/20 13:02,26.585
1727,9/3/20 13:07,26.585
1728,9/3/20 13:12,26.585
1729,9/3/20 13:17,26.585
1730,9/3/20 13:22,26.585
1731,9/3/20 13:27,26.585
1732,9/3/20 13:32,26.585
1733,9/3/20 13:37,26.585
1734,9/3/20 13:42,26.585
1735,9/3/20 13:47,26.585
1736,9/3/20 13:52,26.585
1737,9/3/20 13:57,26.585
1738,9/3/20 14:02,26.585
1739,9/3/20 14:07,26.585
1740,9/3/20 14:12,26.585
1741,9/3/20 14:17,26.585
1742,9/3/20 14:22,26.488
1743,9/3/20 14:27,26.488
1744,9/3/20 14:32,26.488
1745,9/3/20 14:37,26.488
1746,9/3/20 14:42,26.488
1747,9/3/20 14:47,26.488
1748,9/3/20 14:52,26.488
1749,9/3/20 14:57,26.488
1750,9/3/20 15:02,26.488
1751,9/3/20 15:07,26.488
1752,9/3/20 15:12,26.488
1753,9/3/20 15:17,26.488
1754,9/3/20 15:22,26.488
1755,9/3/20 15:27,26.488
1756,9/3/20 15:32,26.488
1757,9/3/20 15:37,26.488
1758,9/3/20 15:42,26.488
1759,9/3/20 15:47,26.488
1760,9/3/20 15:52,26.488
1761,9/3/20 15:57,26.488
1762,9/3/20 16:02,26.488
1763,9/3/20 16:07,26.488
1764,9/3/20 16:12,26.488
1765,9/3/20 16:17,26.488
1766,9/3/20 16:22,26.488
1767,9/3/20 16:27,26.488
1768,9/3/20 16:32,26.488
1769,9/3/20 16:37,26.488
1770,9/3/20 16:42,26.39
1771,9/3/20 16:47,26.39
1772,9/3/20 16:52,26.39
1773,9/3/20 16:57,26.488
1774,9/3/20 17:02,26.488
1775,9/3/20 17:07,26.39
1776,9/3/20 17:12,26.39
1777,9/3/20 17:17,26.39
1778,9/3/20 17:22,26.39
1779,9/3/20 17:27,26.39
1780,9/3/20 17:32,26.39
1781,9/3/20 17:37,26.39
1782,9/3/20 17:42,26.39
1783,9/3/20 17:47,26.39
1784,9/3/20 17:52,26.39
1785,9/3/20 17:57,26.39
1786,9/3/20 18:02,26.292
1787,9/3/20 18:07,26.292
1788,9/3/20 18:12,26.292
1789,9/3/20 18:17,26.292
1790,9/3/20 18:22,26.292
1791,9/3/20 18:27,26.292
1792,9/3/20 18:32,26.292
1793,9/3/20 18:37,26.292
1794,9/3/20 18:42,26.292
1795,9/3/20 18:47,26.292
1796,9/3/20 18:52,26.292
1797,9/3/20 18:57,26.292
1798,9/3/20 19:02,26.292
1799,9/3/20 19:07,26.292
1800,9/3/20 19:12,26.292
1801,9/3/20 19:17,26.292
1802,9/3/20 19:22,26.292
1803,9/3/20 19:27,26.292
1804,9/3/20 19:32,26.292
1805,9/3/20 19:37,26.292
1806,9/3/20 19:42,26.292
1807,9/3/20 19:47,26.292
1808,9/3/20 19:52,26.292
1809,9/3/20 19:57,26.292
1810,9/3/20 20:02,26.292
1811,9/3/20 20:07,26.195
1812,9/3/20 20:12,26.195
1813,9/3/20 20:17,26.195
1814,9/3/20 20:22,26.195
1815,9/3/20 20:27,26.195
1816,9/3/20 20:32,26.195
1817,9/3/20 20:37,26.195
1818,9/3/20 20:42,26.195
1819,9/3/20 20:47,26.195
1820,9/3/20 20:52,26.195
1821,9/3/20 20:57,26.195
1822,9/3/20 21:02,26.195
1823,9/3/20 21:07,26.195
1824,9/3/20 21:12,26.195
1825,9/3/20 21:17,26.097
1826,9/3/20 21:22,26.097
1827,9/3/20 21:27,26.097
1828,9/3/20 21:32,26.097
1829,9/3/20 21:37,26.097
1830,9/3/20 21:42,26.097
1831,9/3/20 21:47,26.097
1832,9/3/20 21:52,26.195
1833,9/3/20 21:57,26.195
1834,9/3/20 22:02,26.292
1835,9/3/20 22:07,26.292
1836,9/3/20 22:12,26.39
1837,9/3/20 22:17,26.39
1838,9/3/20 22:22,26.39
1839,9/3/20 22:27,26.39
1840,9/3/20 22:32,26.39
1841,9/3/20 22:37,26.39
1842,9/3/20 22:42,26.39
1843,9/3/20 22:47,26.39
1844,9/3/20 22:52,26.39
1845,9/3/20 22:57,26.39
1846,9/3/20 23:02,26.39
1847,9/3/20 23:07,26.39
1848,9/3/20 23:12,26.39
1849,9/3/20 23:17,26.292
1850,9/3/20 23:22,26.292
1851,9/3/20 23:27,26.292
1852,9/3/20 23:32,26.292
1853,9/3/20 23:37,26.292
1854,9/3/20 23:42,26.292
1855,9/3/20 23:47,26.292
1856,9/3/20 23:52,26.292
1857,9/3/20 23:57,26.292
1858,9/4/20 0:02,26.292
1859,9/4/20 0:07,26.292
1860,9/4/20 0:12,26.292
1861,9/4/20 0:17,26.292
1862,9/4/20 0:22,26.292
1863,9/4/20 0:27,26.292
1864,9/4/20 0:32,26.292
1865,9/4/20 0:37,26.195
1866,9/4/20 0:42,26.292
1867,9/4/20 0:47,26.195
1868,9/4/20 0:52,26.195
1869,9/4/20 0:57,26.195
1870,9/4/20 1:02,26.195
1871,9/4/20 1:07,26.195
1872,9/4/20 1:12,26.195
1873,9/4/20 1:17,26.195
1874,9/4/20 1:22,26.195
1875,9/4/20 1:27,26.195
1876,9/4/20 1:32,26.195
1877,9/4/20 1:37,26.195
1878,9/4/20 1:42,26.195
1879,9/4/20 1:47,26.195
1880,9/4/20 1:52,26.292
1881,9/4/20 1:57,26.292
1882,9/4/20 2:02,26.292
1883,9/4/20 2:07,26.39
1884,9/4/20 2:12,26.39
1885,9/4/20 2:17,26.488
1886,9/4/20 2:22,26.488
1887,9/4/20 2:27,26.488
1888,9/4/20 2:32,26.488
1889,9/4/20 2:37,26.488
1890,9/4/20 2:42,26.488
1891,9/4/20 2:47,26.488
1892,9/4/20 2:52,26.488
1893,9/4/20 2:57,26.488
1894,9/4/20 3:02,26.488
1895,9/4/20 3:07,26.39
1896,9/4/20 3:12,26.39
1897,9/4/20 3:17,26.39
1898,9/4/20 3:22,26.39
1899,9/4/20 3:27,26.39
1900,9/4/20 3:32,26.39
1901,9/4/20 3:37,26.39
1902,9/4/20 3:42,26.39
1903,9/4/20 3:47,26.292
1904,9/4/20 3:52,26.39
1905,9/4/20 3:57,26.292
1906,9/4/20 4:02,26.292
1907,9/4/20 4:07,26.292
1908,9/4/20 4:12,26.292
1909,9/4/20 4:17,26.292
1910,9/4/20 4:22,26.292
1911,9/4/20 4:27,26.292
1912,9/4/20 4:32,26.292
1913,9/4/20 4:37,26.292
1914,9/4/20 4:42,26.292
1915,9/4/20 4:47,26.292
1916,9/4/20 4:52,26.292
1917,9/4/20 4:57,26.292
1918,9/4/20 5:02,26.195
1919,9/4/20 5:07,26.292
1920,9/4/20 5:12,26.292
1921,9/4/20 5:17,26.292
1922,9/4/20 5:22,26.292
1923,9/4/20 5:27,26.39
1924,9/4/20 5:32,26.39
1925,9/4/20 5:37,26.488
1926,9/4/20 5:42,26.488
1927,9/4/20 5:47,26.488
1928,9/4/20 5:52,26.488
1929,9/4/20 5:57,26.488
1930,9/4/20 6:02,26.488
1931,9/4/20 6:07,26.488
1932,9/4/20 6:12,26.488
1933,9/4/20 6:17,26.488
1934,9/4/20 6:22,26.488
1935,9/4/20 6:27,26.488
1936,9/4/20 6:32,26.488
1937,9/4/20 6:37,26.39
1938,9/4/20 6:42,26.39
1939,9/4/20 6:47,26.39
1940,9/4/20 6:52,26.39
1941,9/4/20 6:57,26.39
1942,9/4/20 7:02,26.39
1943,9/4/20 7:07,26.39
1944,9/4/20 7:12,26.39
1945,9/4/20 7:17,26.39
1946,9/4/20 7:22,26.292
1947,9/4/20 7:27,26.292
1948,9/4/20 7:32,26.292
1949,9/4/20 7:37,26.292
1950,9/4/20 7:42,26.292
1951,9/4/20 7:47,26.292
1952,9/4/20 7:52,26.292
1953,9/4/20 7:57,26.39
1954,9/4/20 8:02,26.39
1955,9/4/20 8:07,26.488
1956,9/4/20 8:12,26.488
1957,9/4/20 8:17,26.488
1958,9/4/20 8:22,26.585
1959,9/4/20 8:27,26.585
1960,9/4/20 8:32,26.585
1961,9/4/20 8:37,26.585
1962,9/4/20 8:42,26.585
1963,9/4/20 8:47,26.585
1964,9/4/20 8:52,26.585
1965,9/4/20 8:57,26.488
1966,9/4/20 9:02,26.585
1967,9/4/20 9:07,26.585
1968,9/4/20 9:12,26.585
1969,9/4/20 9:17,26.585
1970,9/4/20 9:22,26.585
1971,9/4/20 9:27,26.585
1972,9/4/20 9:32,26.585
1973,9/4/20 9:37,26.585
1974,9/4/20 9:42,26.585
1975,9/4/20 9:47,26.585
1976,9/4/20 9:52,26.585
1977,9/4/20 9:57,26.585
1978,9/4/20 10:02,26.585
1979,9/4/20 10:07,26.585
1980,9/4/20 10:12,26.585
1981,9/4/20 10:17,26.585
1982,9/4/20 10:22,26.585
1983,9/4/20 10:27,26.585
1984,9/4/20 10:32,26.585
1985,9/4/20 10:37,26.585
1986,9/4/20 10:42,26.585
1987,9/4/20 10:47,26.585
1988,9/4/20 10:52,26.585
1989,9/4/20 10:57,26.585
1990,9/4/20 11:02,26.585
1991,9/4/20 11:07,26.585
1992,9/4/20 11:12,26.585
1993,9/4/20 11:17,26.585
1994,9/4/20 11:22,26.585
1995,9/4/20 11:27,26.585
1996,9/4/20 11:32,26.585
1997,9/4/20 11:37,26.585
1998,9/4/20 11:42,26.585
1999,9/4/20 11:47,26.585
2000,9/4/20 11:52,26.585
2001,9/4/20 11:57,26.585
2002,9/4/20 12:02,26.585
2003,9/4/20 12:07,26.585
2004,9/4/20 12:12,26.585
2005,9/4/20 12:17,26.585
2006,9/4/20 12:22,26.585
2007,9/4/20 12:27,26.585
2008,9/4/20 12:32,26.585
2009,9/4/20 12:37,26.585
2010,9/4/20 12:42,26.585
2011,9/4/20 12:47,26.585
2012,9/4/20 12:52,26.585
2013,9/4/20 12:57,26.585
2014,9/4/20 13:02,26.585
2015,9/4/20 13:07,26.585
2016,9/4/20 13:12,26.585
2017,9/4/20 13:17,26.585
2018,9/4/20 13:22,26.585
2019,9/4/20 13:27,26.585
2020,9/4/20 13:32,26.585
2021,9/4/20 13:37,26.585
2022,9/4/20 13:42,26.585
2023,9/4/20 13:47,26.585
2024,9/4/20 13:52,26.585
2025,9/4/20 13:57,26.585
2026,9/4/20 14:02,26.585
2027,9/4/20 14:07,26.585
2028,9/4/20 14:12,26.585
2029,9/4/20 14:17,26.585
2030,9/4/20 14:22,26.585
2031,9/4/20 14:27,26.585
2032,9/4/20 14:32,26.585
2033,9/4/20 14:37,26.585
2034,9/4/20 14:42,26.585
2035,9/4/20 14:47,26.585
2036,9/4/20 14:52,26.585
2037,9/4/20 14:57,26.585
2038,9/4/20 15:02,26.585
2039,9/4/20 15:07,26.585
2040,9/4/20 15:12,26.585
2041,9/4/20 15:17,26.585
2042,9/4/20 15:22,26.585
2043,9/4/20 15:27,26.585
2044,9/4/20 15:32,26.585
2045,9/4/20 15:37,26.488
2046,9/4/20 15:42,26.585
2047,9/4/20 15:47,26.585
2048,9/4/20 15:52,26.585
2049,9/4/20 15:57,26.585
2050,9/4/20 16:02,26.585
2051,9/4/20 16:07,26.585
2052,9/4/20 16:12,26.585
2053,9/4/20 16:17,26.585
2054,9/4/20 16:22,26.585
2055,9/4/20 16:27,26.585
2056,9/4/20 16:32,26.585
2057,9/4/20 16:37,26.585
2058,9/4/20 16:42,26.585
2059,9/4/20 16:47,26.585
2060,9/4/20 16:52,26.585
2061,9/4/20 16:57,26.585
2062,9/4/20 17:02,26.585
2063,9/4/20 17:07,26.585
2064,9/4/20 17:12,26.585
2065,9/4/20 17:17,26.585
2066,9/4/20 17:22,26.585
2067,9/4/20 17:27,26.488
2068,9/4/20 17:32,26.488
2069,9/4/20 17:37,26.488
2070,9/4/20 17:42,26.488
2071,9/4/20 17:47,26.488
2072,9/4/20 17:52,26.488
2073,9/4/20 17:57,26.488
2074,9/4/20 18:02,26.488
2075,9/4/20 18:07,26.488
2076,9/4/20 18:12,26.488
2077,9/4/20 18:17,26.488
2078,9/4/20 18:22,26.488
2079,9/4/20 18:27,26.488
2080,9/4/20 18:32,26.488
2081,9/4/20 18:37,26.488
2082,9/4/20 18:42,26.488
2083,9/4/20 18:47,26.488
2084,9/4/20 18:52,26.488
2085,9/4/20 18:57,26.488
2086,9/4/20 19:02,26.488
2087,9/4/20 19:07,26.488
2088,9/4/20 19:12,26.488
2089,9/4/20 19:17,26.488
2090,9/4/20 19:22,26.488
2091,9/4/20 19:27,26.488
2092,9/4/20 19:32,26.488
2093,9/4/20 19:37,26.488
2094,9/4/20 19:42,26.488
2095,9/4/20 19:47,26.488
2096,9/4/20 19:52,26.488
2097,9/4/20 19:57,26.488
2098,9/4/20 20:02,26.488
2099,9/4/20 20:07,26.488
2100,9/4/20 20:12,26.488
2101,9/4/20 20:17,26.488
2102,9/4/20 20:22,26.488
2103,9/4/20 20:27,26.488
2104,9/4/20 20:32,26.488
2105,9/4/20 20:37,26.488
2106,9/4/20 20:42,26.488
2107,9/4/20 20:47,26.488
2108,9/4/20 20:52,26.488
2109,9/4/20 20:57,26.488
2110,9/4/20 21:02,26.39
2111,9/4/20 21:07,26.39
2112,9/4/20 21:12,26.39
2113,9/4/20 21:17,26.39
2114,9/4/20 21:22,26.39
2115,9/4/20 21:27,26.39
2116,9/4/20 21:32,26.488
2117,9/4/20 21:37,26.488
2118,9/4/20 21:42,26.488
2119,9/4/20 21:47,26.585
2120,9/4/20 21:52,26.585
2121,9/4/20 21:57,26.585
2122,9/4/20 22:02,26.585
2123,9/4/20 22:07,26.585
2124,9/4/20 22:12,26.585
2125,9/4/20 22:17,26.585
2126,9/4/20 22:22,26.585
2127,9/4/20 22:27,26.585
2128,9/4/20 22:32,26.585
2129,9/4/20 22:37,26.488
2130,9/4/20 22:42,26.488
2131,9/4/20 22:47,26.488
2132,9/4/20 22:52,26.488
2133,9/4/20 22:57,26.488
2134,9/4/20 23:02,26.488
2135,9/4/20 23:07,26.488
2136,9/4/20 23:12,26.488
2137,9/4/20 23:17,26.488
2138,9/4/20 23:22,26.39
2139,9/4/20 23:27,26.488
2140,9/4/20 23:32,26.39
2141,9/4/20 23:37,26.39
2142,9/4/20 23:42,26.39
2143,9/4/20 23:47,26.39
2144,9/4/20 23:52,26.39
2145,9/4/20 23:57,26.39
2146,9/5/20 0:02,26.488
2147,9/5/20 0:07,26.488
2148,9/5/20 0:12,26.488
2149,9/5/20 0:17,26.585
2150,9/5/20 0:22,26.585
2151,9/5/20 0:27,26.585
2152,9/5/20 0:32,26.585
2153,9/5/20 0:37,26.683
2154,9/5/20 0:42,26.585
2155,9/5/20 0:47,26.585
2156,9/5/20 0:52,26.585
2157,9/5/20 0:57,26.585
2158,9/5/20 1:02,26.585
2159,9/5/20 1:07,26.585
2160,9/5/20 1:12,26.585
2161,9/5/20 1:17,26.585
2162,9/5/20 1:22,26.585
2163,9/5/20 1:27,26.585
2164,9/5/20 1:32,26.488
2165,9/5/20 1:37,26.488
2166,9/5/20 1:42,26.488
2167,9/5/20 1:47,26.488
2168,9/5/20 1:52,26.488
2169,9/5/20 1:57,26.585
2170,9/5/20 2:02,26.585
2171,9/5/20 2:07,26.585
2172,9/5/20 2:12,26.683
2173,9/5/20 2:17,26.683
2174,9/5/20 2:22,26.683
2175,9/5/20 2:27,26.683
2176,9/5/20 2:32,26.683
2177,9/5/20 2:37,26.683
2178,9/5/20 2:42,26.683
2179,9/5/20 2:47,26.683
2180,9/5/20 2:52,26.683
2181,9/5/20 2:57,26.683
2182,9/5/20 3:02,26.585
2183,9/5/20 3:07,26.585
2184,9/5/20 3:12,26.585
2185,9/5/20 3:17,26.585
2186,9/5/20 3:22,26.585
2187,9/5/20 3:27,26.585
2188,9/5/20 3:32,26.585
2189,9/5/20 3:37,26.488
2190,9/5/20 3:42,26.488
2191,9/5/20 3:47,26.488
2192,9/5/20 3:52,26.585
2193,9/5/20 3:57,26.585
2194,9/5/20 4:02,26.585
2195,9/5/20 4:07,26.585
2196,9/5/20 4:12,26.683
2197,9/5/20 4:17,26.683
2198,9/5/20 4:22,26.683
2199,9/5/20 4:27,26.781
2200,9/5/20 4:32,26.683
2201,9/5/20 4:37,26.683
2202,9/5/20 4:42,26.683
2203,9/5/20 4:47,26.683
2204,9/5/20 4:52,26.683
2205,9/5/20 4:57,26.683
2206,9/5/20 5:02,26.683
2207,9/5/20 5:07,26.683
2208,9/5/20 5:12,26.683
2209,9/5/20 5:17,26.683
2210,9/5/20 5:22,26.585
2211,9/5/20 5:27,26.585
2212,9/5/20 5:32,26.585
2213,9/5/20 5:37,26.585
2214,9/5/20 5:42,26.585
2215,9/5/20 5:47,26.585
2216,9/5/20 5:52,26.585
2217,9/5/20 5:57,26.683
2218,9/5/20 6:02,26.683
2219,9/5/20 6:07,26.683
2220,9/5/20 6:12,26.781
2221,9/5/20 6:17,26.781
2222,9/5/20 6:22,26.781
2223,9/5/20 6:27,26.781
2224,9/5/20 6:32,26.781
2225,9/5/20 6:37,26.781
2226,9/5/20 6:42,26.683
2227,9/5/20 6:47,26.683
2228,9/5/20 6:52,26.683
2229,9/5/20 6:57,26.683
2230,9/5/20 7:02,26.683
2231,9/5/20 7:07,26.683
2232,9/5/20 7:12,26.585
2233,9/5/20 7:17,26.585
2234,9/5/20 7:22,26.585
2235,9/5/20 7:27,26.585
2236,9/5/20 7:32,26.585
2237,9/5/20 7:37,26.585
2238,9/5/20 7:42,26.585
2239,9/5/20 7:47,26.585
2240,9/5/20 7:52,26.585
2241,9/5/20 7:57,26.585
2242,9/5/20 8:02,26.585
2243,9/5/20 8:07,26.585
2244,9/5/20 8:12,26.683
2245,9/5/20 8:17,26.683
2246,9/5/20 8:22,26.683
2247,9/5/20 8:27,26.683
2248,9/5/20 8:32,26.781
2249,9/5/20 8:37,26.683
2250,9/5/20 8:42,26.683
2251,9/5/20 8:47,26.683
2252,9/5/20 8:52,26.781
2253,9/5/20 8:57,26.683
2254,9/5/20 9:02,26.683
2255,9/5/20 9:07,26.683
2256,9/5/20 9:12,26.683
2257,9/5/20 9:17,26.683
2258,9/5/20 9:22,26.683
2259,9/5/20 9:27,26.683
2260,9/5/20 9:32,26.683
2261,9/5/20 9:37,26.683
2262,9/5/20 9:42,26.683
2263,9/5/20 9:47,26.683
2264,9/5/20 9:52,26.683
2265,9/5/20 9:57,26.683
2266,9/5/20 10:02,26.683
2267,9/5/20 10:07,26.683
2268,9/5/20 10:12,26.683
2269,9/5/20 10:17,26.683
2270,9/5/20 10:22,26.683
2271,9/5/20 10:27,26.683
2272,9/5/20 10:32,26.683
2273,9/5/20 10:37,26.683
2274,9/5/20 10:42,26.683
2275,9/5/20 10:47,26.683
2276,9/5/20 10:52,26.683
2277,9/5/20 10:57,26.683
2278,9/5/20 11:02,26.683
2279,9/5/20 11:07,26.683
2280,9/5/20 11:12,26.683
2281,9/5/20 11:17,26.683
2282,9/5/20 11:22,26.683
2283,9/5/20 11:27,26.683
2284,9/5/20 11:32,26.683
2285,9/5/20 11:37,26.683
2286,9/5/20 11:42,26.683
2287,9/5/20 11:47,26.683
2288,9/5/20 11:52,26.683
2289,9/5/20 11:57,26.683
2290,9/5/20 12:02,26.683
2291,9/5/20 12:07,26.683
2292,9/5/20 12:12,26.683
2293,9/5/20 12:17,26.683
2294,9/5/20 12:22,26.683
2295,9/5/20 12:27,26.683
2296,9/5/20 12:32,26.683
2297,9/5/20 12:37,26.683
2298,9/5/20 12:42,26.585