#,"Date Time, GMT-04:00","Temp, °C (LGR S/N: 20154171, SEN S/N: 20154171, LBL: Temp.)"
1,8/28/20 13:15,25.416
2,8/28/20 13:20,25.61
3,8/28/20 13:25,25.513
4,8/28/20 13:30,25.416
5,8/28/20 13:35,25.319
6,8/28/20 13:40,25.222
7,8/28/20 13:45,25.125
8,8/28/20 13:50,25.125
9,8/28/20 13:55,25.028
10,8/28/20 14:00,25.028
11,8/28/20 14:05,24.931
12,8/28/20 14:10,24.931
13,8/28/20 14:15,24.931
14,8/28/20 14:20,24.931
15,8/28/20 14:25,24.931
16,8/28/20 14:30,24.931
17,8/28/20 14:35,24.931
18,8/28/20 14:40,24.931
19,8/28/20 14:45,24.931
20,8/28/20 14:50,25.028
21,8/28/20 14:55,25.028
22,8/28/20 15:00,25.028
23,8/28/20 15:05,25.028
24,8/28/20 15:10,25.028
25,8/28/20 15:15,25.028
26,8/28/20 15:20,25.125
27,8/28/20 15:25,25.028
28,8/28/20 15:30,25.028
29,8/28/20 15:35,24.931
30,8/28/20 15:40,24.931
31,8/28/20 15:45,24.931
32,8/28/20 15:50,25.028
33,8/28/20 15:55,24.931
34,8/28/20 16:00,24.931
35,8/28/20 16:05,24.931
36,8/28/20 16:10,24.931
37,8/28/20 16:15,24.931
38,8/28/20 16:20,24.931
39,8/28/20 16:25,25.028
40,8/28/20 16:30,24.931
41,8/28/20 16:35,24.931
42,8/28/20 16:40,24.931
43,8/28/20 16:45,24.931
44,8/28/20 16:50,24.931
45,8/28/20 16:55,24.931
46,8/28/20 17:00,24.835
47,8/28/20 17:05,24.931
48,8/28/20 17:10,24.931
49,8/28/20 17:15,25.028
50,8/28/20 17:20,25.028
51,8/28/20 17:25,25.028
52,8/28/20 17:30,25.028
53,8/28/20 17:35,25.028
54,8/28/20 17:40,24.931
55,8/28/20 17:45,24.931
56,8/28/20 17:50,24.835
57,8/28/20 17:55,24.738
58,8/28/20 18:00,24.641
59,8/28/20 18:05,24.448
60,8/28/20 18:10,24.351
61,8/28/20 18:15,24.255
62,8/28/20 18:20,24.158
63,8/28/20 18:25,24.062
64,8/28/20 18:30,23.966
65,8/28/20 18:35,23.869
66,8/28/20 18:40,23.869
67,8/28/20 18:45,23.773
68,8/28/20 18:50,23.677
69,8/28/20 18:55,23.677
70,8/28/20 19:00,23.581
71,8/28/20 19:05,23.484
72,8/28/20 19:10,23.484
73,8/28/20 19:15,23.388
74,8/28/20 19:20,23.388
75,8/28/20 19:25,23.292
76,8/28/20 19:30,23.292
77,8/28/20 19:35,23.196
78,8/28/20 19:40,23.292
79,8/28/20 19:45,23.388
80,8/28/20 19:50,23.484
81,8/28/20 19:55,23.581
82,8/28/20 20:00,23.773
83,8/28/20 20:05,23.869
84,8/28/20 20:10,23.966
85,8/28/20 20:15,23.966
86,8/28/20 20:20,24.062
87,8/28/20 20:25,24.062
88,8/28/20 20:30,24.062
89,8/28/20 20:35,24.062
90,8/28/20 20:40,23.966
91,8/28/20 20:45,23.869
92,8/28/20 20:50,23.869
93,8/28/20 20:55,23.773
94,8/28/20 21:00,23.773
95,8/28/20 21:05,23.773
96,8/28/20 21:10,23.773
97,8/28/20 21:15,23.677
98,8/28/20 21:20,23.677
99,8/28/20 21:25,23.581
100,8/28/20 21:30,23.581
101,8/28/20 21:35,23.581
102,8/28/20 21:40,23.484
103,8/28/20 21:45,23.388
104,8/28/20 21:50,23.388
105,8/28/20 21:55,23.388
106,8/28/20 22:00,23.388
107,8/28/20 22:05,23.292
108,8/28/20 22:10,23.292
109,8/28/20 22:15,23.292
110,8/28/20 22:20,23.196
111,8/28/20 22:25,23.196
112,8/28/20 22:30,23.196
113,8/28/20 22:35,23.196
114,8/28/20 22:40,23.1
115,8/28/20 22:45,23.1
116,8/28/20 22:50,23.1
117,8/28/20 22:55,23.004
118,8/28/20 23:00,23.004
119,8/28/20 23:05,23.004
120,8/28/20 23:10,23.004
121,8/28/20 23:15,23.004
122,8/28/20 23:20,22.908
123,8/28/20 23:25,22.908
124,8/28/20 23:30,22.908
125,8/28/20 23:35,22.908
126,8/28/20 23:40,22.812
127,8/28/20 23:45,22.812
128,8/28/20 23:50,22.812
129,8/28/20 23:55,22.812
130,8/29/20 0:00,22.812
131,8/29/20 0:05,22.717
132,8/29/20 0:10,22.717
133,8/29/20 0:15,22.717
134,8/29/20 0:20,22.717
135,8/29/20 0:25,22.717
136,8/29/20 0:30,22.717
137,8/29/20 0:35,22.621
138,8/29/20 0:40,22.621
139,8/29/20 0:45,22.621
140,8/29/20 0:50,22.621
141,8/29/20 0:55,22.621
142,8/29/20 1:00,22.525
143,8/29/20 1:05,22.525
144,8/29/20 1:10,22.525
145,8/29/20 1:15,22.525
146,8/29/20 1:20,22.525
147,8/29/20 1:25,22.525
148,8/29/20 1:30,22.525
149,8/29/20 1:35,22.525
150,8/29/20 1:40,22.525
151,8/29/20 1:45,22.525
152,8/29/20 1:50,22.525
153,8/29/20 1:55,22.429
154,8/29/20 2:00,22.429
155,8/29/20 2:05,22.429
156,8/29/20 2:10,22.429
157,8/29/20 2:15,22.429
158,8/29/20 2:20,22.429
159,8/29/20 2:25,22.429
160,8/29/20 2:30,22.429
161,8/29/20 2:35,22.429
162,8/29/20 2:40,22.429
163,8/29/20 2:45,22.429
164,8/29/20 2:50,22.429
165,8/29/20 2:55,22.429
166,8/29/20 3:00,22.621
167,8/29/20 3:05,22.717
168,8/29/20 3:10,22.812
169,8/29/20 3:15,23.004
170,8/29/20 3:20,23.1
171,8/29/20 3:25,23.196
172,8/29/20 3:30,23.292
173,8/29/20 3:35,23.388
174,8/29/20 3:40,23.484
175,8/29/20 3:45,23.484
176,8/29/20 3:50,23.484
177,8/29/20 3:55,23.388
178,8/29/20 4:00,23.388
179,8/29/20 4:05,23.292
180,8/29/20 4:10,23.292
181,8/29/20 4:15,23.292
182,8/29/20 4:20,23.292
183,8/29/20 4:25,23.292
184,8/29/20 4:30,23.292
185,8/29/20 4:35,23.196
186,8/29/20 4:40,23.196
187,8/29/20 4:45,23.196
188,8/29/20 4:50,23.196
189,8/29/20 4:55,23.1
190,8/29/20 5:00,23.1
191,8/29/20 5:05,23.1
192,8/29/20 5:10,23.1
193,8/29/20 5:15,23.004
194,8/29/20 5:20,23.004
195,8/29/20 5:25,23.004
196,8/29/20 5:30,23.004
197,8/29/20 5:35,22.908
198,8/29/20 5:40,22.908
199,8/29/20 5:45,22.908
200,8/29/20 5:50,22.908
201,8/29/20 5:55,22.908
202,8/29/20 6:00,22.812
203,8/29/20 6:05,22.812
204,8/29/20 6:10,22.812
205,8/29/20 6:15,22.812
206,8/29/20 6:20,22.812
207,8/29/20 6:25,22.717
208,8/29/20 6:30,22.717
209,8/29/20 6:35,22.717
210,8/29/20 6:40,22.717
211,8/29/20 6:45,22.717
212,8/29/20 6:50,22.621
213,8/29/20 6:55,22.621
214,8/29/20 7:00,22.621
215,8/29/20 7:05,22.621
216,8/29/20 7:10,22.621
217,8/29/20 7:15,22.621
218,8/29/20 7:20,22.621
219,8/29/20 7:25,22.525
220,8/29/20 7:30,22.525
221,8/29/20 7:35,22.525
222,8/29/20 7:40,22.525
223,8/29/20 7:45,22.525
224,8/29/20 7:50,22.525
225,8/29/20 7:55,22.525
226,8/29/20 8:00,22.429
227,8/29/20 8:05,22.429
228,8/29/20 8:10,22.429
229,8/29/20 8:15,22.429
230,8/29/20 8:20,22.429
231,8/29/20 8:25,22.429
232,8/29/20 8:30,22.429
233,8/29/20 8:35,22.429
234,8/29/20 8:40,22.429
235,8/29/20 8:45,22.333
236,8/29/20 8:50,22.333
237,8/29/20 8:55,22.333
238,8/29/20 9:00,22.333
239,8/29/20 9:05,22.333
240,8/29/20 9:10,22.333
241,8/29/20 9:15,22.333
242,8/29/20 9:20,22.333
243,8/29/20 9:25,22.333
244,8/29/20 9:30,22.333
245,8/29/20 9:35,22.238
246,8/29/20 9:40,22.333
247,8/29/20 9:45,22.333
248,8/29/20 9:50,22.429
249,8/29/20 9:55,22.525
250,8/29/20 10:00,22.621
251,8/29/20 10:05,22.717
252,8/29/20 10:10,22.812
253,8/29/20 10:15,22.908
254,8/29/20 10:20,23.004
255,8/29/20 10:25,23.1
256,8/29/20 10:30,23.196
257,8/29/20 10:35,23.292
258,8/29/20 10:40,23.292
259,8/29/20 10:45,23.388
260,8/29/20 10:50,23.292
261,8/29/20 10:55,23.292
262,8/29/20 11:00,23.196
263,8/29/20 11:05,23.196
264,8/29/20 11:10,23.196
265,8/29/20 11:15,23.196
266,8/29/20 11:20,23.196
267,8/29/20 11:25,23.1
268,8/29/20 11:30,23.1
269,8/29/20 11:35,23.004
270,8/29/20 11:40,23.004
271,8/29/20 11:45,23.004
272,8/29/20 11:50,22.908
273,8/29/20 11:55,22.908
274,8/29/20 12:00,22.908
275,8/29/20 12:05,22.908
276,8/29/20 12:10,22.908
277,8/29/20 12:15,22.908
278,8/29/20 12:20,22.812
279,8/29/20 12:25,22.812
280,8/29/20 12:30,22.812
281,8/29/20 12:35,22.812
282,8/29/20 12:40,22.908
283,8/29/20 12:45,23.004
284,8/29/20 12:50,23.1
285,8/29/20 12:55,23.292
286,8/29/20 13:00,23.388
287,8/29/20 13:05,23.484
288,8/29/20 13:10,23.581
289,8/29/20 13:15,23.677
290,8/29/20 13:20,23.773
291,8/29/20 13:25,23.773
292,8/29/20 13:30,23.773
293,8/29/20 13:35,23.773
294,8/29/20 13:40,23.677
295,8/29/20 13:45,23.677
296,8/29/20 13:50,23.581
297,8/29/20 13:55,23.581
298,8/29/20 14:00,23.484
299,8/29/20 14:05,23.484
300,8/29/20 14:10,23.484
301,8/29/20 14:15,23.484
302,8/29/20 14:20,23.484
303,8/29/20 14:25,23.388
304,8/29/20 14:30,23.388
305,8/29/20 14:35,23.292
306,8/29/20 14:40,23.292
307,8/29/20 14:45,23.196
308,8/29/20 14:50,23.196
309,8/29/20 14:55,23.196
310,8/29/20 15:00,23.1
311,8/29/20 15:05,23.1
312,8/29/20 15:10,23.1
313,8/29/20 15:15,23.004
314,8/29/20 15:20,23.004
315,8/29/20 15:25,23.004
316,8/29/20 15:30,23.004
317,8/29/20 15:35,23.004
318,8/29/20 15:40,23.004
319,8/29/20 15:45,22.908
320,8/29/20 15:50,22.908
321,8/29/20 15:55,22.908
322,8/29/20 16:00,22.812
323,8/29/20 16:05,22.812
324,8/29/20 16:10,22.812
325,8/29/20 16:15,22.812
326,8/29/20 16:20,22.812
327,8/29/20 16:25,22.717
328,8/29/20 16:30,22.717
329,8/29/20 16:35,22.717
330,8/29/20 16:40,22.717
331,8/29/20 16:45,22.621
332,8/29/20 16:50,22.621
333,8/29/20 16:55,22.621
334,8/29/20 17:00,22.621
335,8/29/20 17:05,22.717
336,8/29/20 17:10,22.908
337,8/29/20 17:15,23.004
338,8/29/20 17:20,23.1
339,8/29/20 17:25,23.292
340,8/29/20 17:30,23.388
341,8/29/20 17:35,23.484
342,8/29/20 17:40,23.581
343,8/29/20 17:45,23.677
344,8/29/20 17:50,23.773
345,8/29/20 17:55,23.773
346,8/29/20 18:00,23.773
347,8/29/20 18:05,23.677
348,8/29/20 18:10,23.581
349,8/29/20 18:15,23.581
350,8/29/20 18:20,23.484
351,8/29/20 18:25,23.484
352,8/29/20 18:30,23.484
353,8/29/20 18:35,23.484
354,8/29/20 18:40,23.484
355,8/29/20 18:45,23.388
356,8/29/20 18:50,23.388
357,8/29/20 18:55,23.388
358,8/29/20 19:00,23.388
359,8/29/20 19:05,23.292
360,8/29/20 19:10,23.292
361,8/29/20 19:15,23.292
362,8/29/20 19:20,23.196
363,8/29/20 19:25,23.196
364,8/29/20 19:30,23.196
365,8/29/20 19:35,23.196
366,8/29/20 19:40,23.1
367,8/29/20 19:45,23.1
368,8/29/20 19:50,23.1
369,8/29/20 19:55,23.1
370,8/29/20 20:00,23.004
371,8/29/20 20:05,23.004
372,8/29/20 20:10,23.004
373,8/29/20 20:15,22.908
374,8/29/20 20:20,22.908
375,8/29/20 20:25,22.908
376,8/29/20 20:30,22.908
377,8/29/20 20:35,22.908
378,8/29/20 20:40,22.812
379,8/29/20 20:45,22.812
380,8/29/20 20:50,22.812
381,8/29/20 20:55,22.812
382,8/29/20 21:00,22.812
383,8/29/20 21:05,22.717
384,8/29/20 21:10,22.717
385,8/29/20 21:15,22.717
386,8/29/20 21:20,22.717
387,8/29/20 21:25,22.717
388,8/29/20 21:30,22.717
389,8/29/20 21:35,22.717
390,8/29/20 21:40,22.621
391,8/29/20 21:45,22.621
392,8/29/20 21:50,22.621
393,8/29/20 21:55,22.621
394,8/29/20 22:00,22.621
395,8/29/20 22:05,22.621
396,8/29/20 22:10,22.621
397,8/29/20 22:15,22.525
398,8/29/20 22:20,22.525
399,8/29/20 22:25,22.621
400,8/29/20 22:30,22.717
401,8/29/20 22:35,22.812
402,8/29/20 22:40,23.004
403,8/29/20 22:45,23.1
404,8/29/20 22:50,23.196
405,8/29/20 22:55,23.292
406,8/29/20 23:00,23.388
407,8/29/20 23:05,23.484
408,8/29/20 23:10,23.581
409,8/29/20 23:15,23.581
410,8/29/20 23:20,23.484
411,8/29/20 23:25,23.484
412,8/29/20 23:30,23.388
413,8/29/20 23:35,23.388
414,8/29/20 23:40,23.388
415,8/29/20 23:45,23.388
416,8/29/20 23:50,23.388
417,8/29/20 23:55,23.292
418,8/30/20 0:00,23.292
419,8/30/20 0:05,23.292
420,8/30/20 0:10,23.292
421,8/30/20 0:15,23.292
422,8/30/20 0:20,23.196
423,8/30/20 0:25,23.196
424,8/30/20 0:30,23.196
425,8/30/20 0:35,23.196
426,8/30/20 0:40,23.196
427,8/30/20 0:45,23.196
428,8/30/20 0:50,23.1
429,8/30/20 0:55,23.1
430,8/30/20 1:00,23.1
431,8/30/20 1:05,23.1
432,8/30/20 1:10,23.004
433,8/30/20 1:15,23.004
434,8/30/20 1:20,23.004
435,8/30/20 1:25,23.004
436,8/30/20 1:30,22.908
437,8/30/20 1:35,22.908
438,8/30/20 1:40,22.908
439,8/30/20 1:45,22.908
440,8/30/20 1:50,22.908
441,8/30/20 1:55,22.812
442,8/30/20 2:00,22.812
443,8/30/20 2:05,22.812
444,8/30/20 2:10,22.812
445,8/30/20 2:15,22.812
446,8/30/20 2:20,22.812
447,8/30/20 2:25,22.812
448,8/30/20 2:30,22.717
449,8/30/20 2:35,22.717
450,8/30/20 2:40,22.717
451,8/30/20 2:45,22.717
452,8/30/20 2:50,22.717
453,8/30/20 2:55,22.621
454,8/30/20 3:00,22.621
455,8/30/20 3:05,22.621
456,8/30/20 3:10,22.621
457,8/30/20 3:15,22.621
458,8/30/20 3:20,22.621
459,8/30/20 3:25,22.621
460,8/30/20 3:30,22.621
461,8/30/20 3:35,22.525
462,8/30/20 3:40,22.525
463,8/30/20 3:45,22.525
464,8/30/20 3:50,22.525
465,8/30/20 3:55,22.525
466,8/30/20 4:00,22.525
467,8/30/20 4:05,22.525
468,8/30/20 4:10,22.525
469,8/30/20 4:15,22.525
470,8/30/20 4:20,22.525
471,8/30/20 4:25,22.429
472,8/30/20 4:30,22.429
473,8/30/20 4:35,22.429
474,8/30/20 4:40,22.429
475,8/30/20 4:45,22.429
476,8/30/20 4:50,22.429
477,8/30/20 4:55,22.429
478,8/30/20 5:00,22.429
479,8/30/20 5:05,22.429
480,8/30/20 5:10,22.429
481,8/30/20 5:15,22.429
482,8/30/20 5:20,22.333
483,8/30/20 5:25,22.333
484,8/30/20 5:30,22.333
485,8/30/20 5:35,22.333
486,8/30/20 5:40,22.333
487,8/30/20 5:45,22.429
488,8/30/20 5:50,22.525
489,8/30/20 5:55,22.717
490,8/30/20 6:00,22.812
491,8/30/20 6:05,22.908
492,8/30/20 6:10,23.004
493,8/30/20 6:15,23.196
494,8/30/20 6:20,23.292
495,8/30/20 6:25,23.388
496,8/30/20 6:30,23.388
497,8/30/20 6:35,23.388
498,8/30/20 6:40,23.388
499,8/30/20 6:45,23.388
500,8/30/20 6:50,23.292
501,8/30/20 6:55,23.292
502,8/30/20 7:00,23.196
503,8/30/20 7:05,23.196
504,8/30/20 7:10,23.196
505,8/30/20 7:15,23.196
506,8/30/20 7:20,23.196
507,8/30/20 7:25,23.196
508,8/30/20 7:30,23.196
509,8/30/20 7:35,23.1
510,8/30/20 7:40,23.1
511,8/30/20 7:45,23.1
512,8/30/20 7:50,23.1
513,8/30/20 7:55,23.1
514,8/30/20 8:00,23.004
515,8/30/20 8:05,23.004
516,8/30/20 8:10,23.004
517,8/30/20 8:15,22.908
518,8/30/20 8:20,22.908
519,8/30/20 8:25,22.908
520,8/30/20 8:30,22.908
521,8/30/20 8:35,22.908
522,8/30/20 8:40,22.812
523,8/30/20 8:45,22.812
524,8/30/20 8:50,22.812
525,8/30/20 8:55,22.812
526,8/30/20 9:00,22.812
527,8/30/20 9:05,22.812
528,8/30/20 9:10,22.812
529,8/30/20 9:15,22.717
530,8/30/20 9:20,22.717
531,8/30/20 9:25,22.717
532,8/30/20 9:30,22.717
533,8/30/20 9:35,22.621
534,8/30/20 9:40,22.621
535,8/30/20 9:45,22.621
536,8/30/20 9:50,22.621
537,8/30/20 9:55,22.621
538,8/30/20 10:00,22.621
539,8/30/20 10:05,22.621
540,8/30/20 10:10,22.525
541,8/30/20 10:15,22.525
542,8/30/20 10:20,22.525
543,8/30/20 10:25,22.525
544,8/30/20 10:30,22.525
545,8/30/20 10:35,22.429
546,8/30/20 10:40,22.429
547,8/30/20 10:45,22.429
548,8/30/20 10:50,22.429
549,8/30/20 10:55,22.429
550,8/30/20 11:00,22.429
551,8/30/20 11:05,22.429
552,8/30/20 11:10,22.429
553,8/30/20 11:15,22.429
554,8/30/20 11:20,22.429
555,8/30/20 11:25,22.429
556,8/30/20 11:30,22.621
557,8/30/20 11:35,22.717
558,8/30/20 11:40,22.908
559,8/30/20 11:45,23.004
560,8/30/20 11:50,23.1
561,8/30/20 11:55,23.196
562,8/30/20 12:00,23.292
563,8/30/20 12:05,23.388
564,8/30/20 12:10,23.581
565,8/30/20 12:15,23.677
566,8/30/20 12:20,23.773
567,8/30/20 12:25,23.869
568,8/30/20 12:30,23.869
569,8/30/20 12:35,23.869
570,8/30/20 12:40,23.773
571,8/30/20 12:45,23.773
572,8/30/20 12:50,23.677
573,8/30/20 12:55,23.677
574,8/30/20 13:00,23.581
575,8/30/20 13:05,23.581
576,8/30/20 13:10,23.581
577,8/30/20 13:15,23.581
578,8/30/20 13:20,23.581
579,8/30/20 13:25,23.484
580,8/30/20 13:30,23.484
581,8/30/20 13:35,23.484
582,8/30/20 13:40,23.388
583,8/30/20 13:45,23.388
584,8/30/20 13:50,23.388
585,8/30/20 13:55,23.292
586,8/30/20 14:00,23.292
587,8/30/20 14:05,23.292
588,8/30/20 14:10,23.196
589,8/30/20 14:15,23.196
590,8/30/20 14:20,23.196
591,8/30/20 14:25,23.196
592,8/30/20 14:30,23.1
593,8/30/20 14:35,23.1
594,8/30/20 14:40,23.1
595,8/30/20 14:45,23.1
596,8/30/20 14:50,23.196
597,8/30/20 14:55,23.196
598,8/30/20 15:00,23.196
599,8/30/20 15:05,23.196
600,8/30/20 15:10,23.196
601,8/30/20 15:15,23.196
602,8/30/20 15:20,23.292
603,8/30/20 15:25,23.388
604,8/30/20 15:30,23.388
605,8/30/20 15:35,23.292
606,8/30/20 15:40,23.292
607,8/30/20 15:45,23.292
608,8/30/20 15:50,23.196
609,8/30/20 15:55,23.196
610,8/30/20 16:00,23.196
611,8/30/20 16:05,23.1
612,8/30/20 16:10,23.1
613,8/30/20 16:15,23.1
614,8/30/20 16:20,23.1
615,8/30/20 16:25,23.004
616,8/30/20 16:30,23.004
617,8/30/20 16:35,23.004
618,8/30/20 16:40,23.004
619,8/30/20 16:45,22.908
620,8/30/20 16:50,22.908
621,8/30/20 16:55,22.908
622,8/30/20 17:00,22.908
623,8/30/20 17:05,22.812
624,8/30/20 17:10,22.812
625,8/30/20 17:15,22.812
626,8/30/20 17:20,22.812
627,8/30/20 17:25,22.812
628,8/30/20 17:30,22.717
629,8/30/20 17:35,22.717
630,8/30/20 17:40,22.717
631,8/30/20 17:45,22.717
632,8/30/20 17:50,22.717
633,8/30/20 17:55,22.621
634,8/30/20 18:00,22.621
635,8/30/20 18:05,22.621
636,8/30/20 18:10,22.717
637,8/30/20 18:15,22.812
638,8/30/20 18:20,23.004
639,8/30/20 18:25,23.1
640,8/30/20 18:30,23.196
641,8/30/20 18:35,23.292
642,8/30/20 18:40,23.388
643,8/30/20 18:45,23.484
644,8/30/20 18:50,23.581
645,8/30/20 18:55,23.677
646,8/30/20 19:00,23.677
647,8/30/20 19:05,23.677
648,8/30/20 19:10,23.677
649,8/30/20 19:15,23.581
650,8/30/20 19:20,23.581
651,8/30/20 19:25,23.581
652,8/30/20 19:30,23.581
653,8/30/20 19:35,23.484
654,8/30/20 19:40,23.484
655,8/30/20 19:45,23.484
656,8/30/20 19:50,23.388
657,8/30/20 19:55,23.388
658,8/30/20 20:00,23.292
659,8/30/20 20:05,23.292
660,8/30/20 20:10,23.292
661,8/30/20 20:15,23.196
662,8/30/20 20:20,23.196
663,8/30/20 20:25,23.196
664,8/30/20 20:30,23.196
665,8/30/20 20:35,23.1
666,8/30/20 20:40,23.1
667,8/30/20 20:45,23.1
668,8/30/20 20:50,23.1
669,8/30/20 20:55,23.004
670,8/30/20 21:00,23.004
671,8/30/20 21:05,23.004
672,8/30/20 21:10,23.004
673,8/30/20 21:15,23.004
674,8/30/20 21:20,22.908
675,8/30/20 21:25,22.908
676,8/30/20 21:30,22.908
677,8/30/20 21:35,22.908
678,8/30/20 21:40,22.908
679,8/30/20 21:45,22.812
680,8/30/20 21:50,22.812
681,8/30/20 21:55,22.812
682,8/30/20 22:00,22.812
683,8/30/20 22:05,22.812
684,8/30/20 22:10,22.717
685,8/30/20 22:15,22.717
686,8/30/20 22:20,22.717
687,8/30/20 22:25,22.717
688,8/30/20 22:30,22.621
689,8/30/20 22:35,22.621
690,8/30/20 22:40,22.621
691,8/30/20 22:45,22.621
692,8/30/20 22:50,22.621
693,8/30/20 22:55,22.621
694,8/30/20 23:00,22.525
695,8/30/20 23:05,22.525
696,8/30/20 23:10,22.525
697,8/30/20 23:15,22.525
698,8/30/20 23:20,22.525
699,8/30/20 23:25,22.525
700,8/30/20 23:30,22.525
701,8/30/20 23:35,22.525
702,8/30/20 23:40,22.429
703,8/30/20 23:45,22.429
704,8/30/20 23:50,22.429
705,8/30/20 23:55,22.525
706,8/31/20 0:00,22.717
707,8/31/20 0:05,22.812
708,8/31/20 0:10,23.004
709,8/31/20 0:15,23.1
710,8/31/20 0:20,23.196
711,8/31/20 0:25,23.388
712,8/31/20 0:30,23.484
713,8/31/20 0:35,23.581
714,8/31/20 0:40,23.677
715,8/31/20 0:45,23.773
716,8/31/20 0:50,23.773
717,8/31/20 0:55,23.773
718,8/31/20 1:00,23.773
719,8/31/20 1:05,23.677
720,8/31/20 1:10,23.581
721,8/31/20 1:15,23.484
722,8/31/20 1:20,23.484
723,8/31/20 1:25,23.388
724,8/31/20 1:30,23.388
725,8/31/20 1:35,23.388
726,8/31/20 1:40,23.388
727,8/31/20 1:45,23.388
728,8/31/20 1:50,23.388
729,8/31/20 1:55,23.292
730,8/31/20 2:00,23.292
731,8/31/20 2:05,23.292
732,8/31/20 2:10,23.196
733,8/31/20 2:15,23.196
734,8/31/20 2:20,23.196
735,8/31/20 2:25,23.1
736,8/31/20 2:30,23.1
737,8/31/20 2:35,23.1
738,8/31/20 2:40,23.1
739,8/31/20 2:45,23.004
740,8/31/20 2:50,23.004
741,8/31/20 2:55,23.004
742,8/31/20 3:00,22.908
743,8/31/20 3:05,22.908
744,8/31/20 3:10,22.908
745,8/31/20 3:15,22.812
746,8/31/20 3:20,22.812
747,8/31/20 3:25,22.812
748,8/31/20 3:30,22.812
749,8/31/20 3:35,22.812
750,8/31/20 3:40,22.717
751,8/31/20 3:45,22.717
752,8/31/20 3:50,22.717
753,8/31/20 3:55,22.621
754,8/31/20 4:00,22.621
755,8/31/20 4:05,22.621
756,8/31/20 4:10,22.621
757,8/31/20 4:15,22.621
758,8/31/20 4:20,22.621
759,8/31/20 4:25,22.621
760,8/31/20 4:30,22.525
761,8/31/20 4:35,22.525
762,8/31/20 4:40,22.525
763,8/31/20 4:45,22.525
764,8/31/20 4:50,22.525
765,8/31/20 4:55,22.621
766,8/31/20 5:00,22.812
767,8/31/20 5:05,22.908
768,8/31/20 5:10,23.004
769,8/31/20 5:15,23.1
770,8/31/20 5:20,23.196
771,8/31/20 5:25,23.292
772,8/31/20 5:30,23.388
773,8/31/20 5:35,23.484
774,8/31/20 5:40,23.484
775,8/31/20 5:45,23.581
776,8/31/20 5:50,23.484
777,8/31/20 5:55,23.388
778,8/31/20 6:00,23.292
779,8/31/20 6:05,23.292
780,8/31/20 6:10,23.196
781,8/31/20 6:15,23.196
782,8/31/20 6:20,23.1
783,8/31/20 6:25,23.1
784,8/31/20 6:30,23.004
785,8/31/20 6:35,23.004
786,8/31/20 6:40,23.004
787,8/31/20 6:45,22.908
788,8/31/20 6:50,22.908
789,8/31/20 6:55,22.812
790,8/31/20 7:00,22.812
791,8/31/20 7:05,22.812
792,8/31/20 7:10,22.717
793,8/31/20 7:15,22.717
794,8/31/20 7:20,22.717
795,8/31/20 7:25,22.621
796,8/31/20 7:30,22.621
797,8/31/20 7:35,22.717
798,8/31/20 7:40,22.812
799,8/31/20 7:45,22.812
800,8/31/20 7:50,22.812
801,8/31/20 7:55,22.908
802,8/31/20 8:00,22.908
803,8/31/20 8:05,23.004
804,8/31/20 8:10,23.1
805,8/31/20 8:15,23.292
806,8/31/20 8:20,23.388
807,8/31/20 8:25,23.484
808,8/31/20 8:30,23.581
809,8/31/20 8:35,23.677
810,8/31/20 8:40,23.773
811,8/31/20 8:45,23.869
812,8/31/20 8:50,23.966
813,8/31/20 8:55,24.062
814,8/31/20 9:00,24.062
815,8/31/20 9:05,24.158
816,8/31/20 9:10,24.158
817,8/31/20 9:15,24.158
818,8/31/20 9:20,24.158
819,8/31/20 9:25,24.255
820,8/31/20 9:30,24.255
821,8/31/20 9:35,24.351
822,8/31/20 9:40,24.448
823,8/31/20 9:45,24.545
824,8/31/20 9:50,24.545
825,8/31/20 9:55,24.641
826,8/31/20 10:00,24.641
827,8/31/20 10:05,24.738
828,8/31/20 10:10,24.738
829,8/31/20 10:15,24.738
830,8/31/20 10:20,24.738
831,8/31/20 10:25,24.738
832,8/31/20 10:30,24.738
833,8/31/20 10:35,24.835
834,8/31/20 10:40,24.835
835,8/31/20 10:45,24.738
836,8/31/20 10:50,24.738
837,8/31/20 10:55,24.835
838,8/31/20 11:00,24.738
839,8/31/20 11:05,24.835
840,8/31/20 11:10,24.835
841,8/31/20 11:15,24.835
842,8/31/20 11:20,24.835
843,8/31/20 11:25,25.028
844,8/31/20 11:30,25.222
845,8/31/20 11:35,25.416
846,8/31/20 11:40,25.61
847,8/31/20 11:45,25.805
848,8/31/20 11:50,26
849,8/31/20 11:55,26.097
850,8/31/20 12:00,26.292
851,8/31/20 12:05,26.292
852,8/31/20 12:10,26.195
853,8/31/20 12:15,26.195
854,8/31/20 12:20,26.097
855,8/31/20 12:25,26.097
856,8/31/20 12:30,26
857,8/31/20 12:35,26
858,8/31/20 12:40,26
859,8/31/20 12:45,26
860,8/31/20 12:50,26
861,8/31/20 12:55,26
862,8/31/20 13:00,25.902
863,8/31/20 13:05,25.902
864,8/31/20 13:10,25.902
865,8/31/20 13:15,25.902
866,8/31/20 13:20,25.902
867,8/31/20 13:25,25.902
868,8/31/20 13:30,25.902
869,8/31/20 13:35,25.902
870,8/31/20 13:40,25.902
871,8/31/20 13:45,25.902
872,8/31/20 13:50,25.805
873,8/31/20 13:55,25.708
874,8/31/20 14:00,25.708
875,8/31/20 14:05,25.61
876,8/31/20 14:10,25.61
877,8/31/20 14:15,25.513
878,8/31/20 14:20,25.513
879,8/31/20 14:25,25.416
880,8/31/20 14:30,25.416
881,8/31/20 14:35,25.416
882,8/31/20 14:40,25.319
883,8/31/20 14:45,25.319
884,8/31/20 14:50,25.222
885,8/31/20 14:55,25.222
886,8/31/20 15:00,25.125
887,8/31/20 15:05,25.125
888,8/31/20 15:10,25.125
889,8/31/20 15:15,25.125
890,8/31/20 15:20,25.125
891,8/31/20 15:25,25.125
892,8/31/20 15:30,25.125
893,8/31/20 15:35,25.028
894,8/31/20 15:40,24.931
895,8/31/20 15:45,24.931
896,8/31/20 15:50,24.931
897,8/31/20 15:55,24.931
898,8/31/20 16:00,24.835
899,8/31/20 16:05,24.835
900,8/31/20 16:10,24.738
901,8/31/20 16:15,24.738
902,8/31/20 16:20,24.738
903,8/31/20 16:25,24.738
904,8/31/20 16:30,24.738
905,8/31/20 16:35,24.738
906,8/31/20 16:40,24.738
907,8/31/20 16:45,24.738
908,8/31/20 16:50,24.738
909,8/31/20 16:55,24.738
910,8/31/20 17:00,24.738
911,8/31/20 17:05,24.738
912,8/31/20 17:10,24.738
913,8/31/20 17:15,24.738
914,8/31/20 17:20,24.738
915,8/31/20 17:25,24.738
916,8/31/20 17:30,24.738
917,8/31/20 17:35,24.835
918,8/31/20 17:40,24.835
919,8/31/20 17:45,24.835
920,8/31/20 17:50,24.738
921,8/31/20 17:55,24.738
922,8/31/20 18:00,24.738
923,8/31/20 18:05,24.545
924,8/31/20 18:10,24.351
925,8/31/20 18:15,24.255
926,8/31/20 18:20,24.062
927,8/31/20 18:25,23.966
928,8/31/20 18:30,23.869
929,8/31/20 18:35,23.773
930,8/31/20 18:40,23.773
931,8/31/20 18:45,23.581
932,8/31/20 18:50,23.581
933,8/31/20 18:55,23.484
934,8/31/20 19:00,23.388
935,8/31/20 19:05,23.292
936,8/31/20 19:10,23.292
937,8/31/20 19:15,23.292
938,8/31/20 19:20,23.196
939,8/31/20 19:25,23.1
940,8/31/20 19:30,23.1
941,8/31/20 19:35,23.004
942,8/31/20 19:40,23.004
943,8/31/20 19:45,22.908
944,8/31/20 19:50,22.908
945,8/31/20 19:55,22.812
946,8/31/20 20:00,22.812
947,8/31/20 20:05,22.812
948,8/31/20 20:10,22.812
949,8/31/20 20:15,22.717
950,8/31/20 20:20,22.717
951,8/31/20 20:25,22.717
952,8/31/20 20:30,22.621
953,8/31/20 20:35,22.621
954,8/31/20 20:40,22.621
955,8/31/20 20:45,22.621
956,8/31/20 20:50,22.525
957,8/31/20 20:55,22.525
958,8/31/20 21:00,22.525
959,8/31/20 21:05,22.429
960,8/31/20 21:10,22.429
961,8/31/20 21:15,22.429
962,8/31/20 21:20,22.429
963,8/31/20 21:25,22.429
964,8/31/20 21:30,22.429
965,8/31/20 21:35,22.333
966,8/31/20 21:40,22.333
967,8/31/20 21:45,22.333
968,8/31/20 21:50,22.333
969,8/31/20 21:55,22.333
970,8/31/20 22:00,22.429
971,8/31/20 22:05,22.525
972,8/31/20 22:10,22.621
973,8/31/20 22:15,22.812
974,8/31/20 22:20,22.908
975,8/31/20 22:25,23.004
976,8/31/20 22:30,23.1
977,8/31/20 22:35,23.196
978,8/31/20 22:40,23.292
979,8/31/20 22:45,23.388
980,8/31/20 22:50,23.484
981,8/31/20 22:55,23.581
982,8/31/20 23:00,23.581
983,8/31/20 23:05,23.581
984,8/31/20 23:10,23.484
985,8/31/20 23:15,23.484
986,8/31/20 23:20,23.388
987,8/31/20 23:25,23.388
988,8/31/20 23:30,23.292
989,8/31/20 23:35,23.292
990,8/31/20 23:40,23.292
991,8/31/20 23:45,23.292
992,8/31/20 23:50,23.292
993,8/31/20 23:55,23.292
994,9/1/20 0:00,23.196
995,9/1/20 0:05,23.196
996,9/1/20 0:10,23.196
997,9/1/20 0:15,23.1
998,9/1/20 0:20,23.1
999,9/1/20 0:25,23.004
1000,9/1/20 0:30,23.004
1001,9/1/20 0:35,23.004
1002,9/1/20 0:40,23.004
1003,9/1/20 0:45,23.004
1004,9/1/20 0:50,23.004
1005,9/1/20 0:55,22.908
1006,9/1/20 1:00,22.908
1007,9/1/20 1:05,22.908
1008,9/1/20 1:10,22.908
1009,9/1/20 1:15,22.812
1010,9/1/20 1:20,22.812
1011,9/1/20 1:25,22.812
1012,9/1/20 1:30,22.812
1013,9/1/20 1:35,22.717
1014,9/1/20 1:40,22.717
1015,9/1/20 1:45,22.717
1016,9/1/20 1:50,22.717
1017,9/1/20 1:55,22.621
1018,9/1/20 2:00,22.621
1019,9/1/20 2:05,22.621
1020,9/1/20 2:10,22.621
1021,9/1/20 2:15,22.621
1022,9/1/20 2:20,22.525
1023,9/1/20 2:25,22.525
1024,9/1/20 2:30,22.525
1025,9/1/20 2:35,22.525
1026,9/1/20 2:40,22.525
1027,9/1/20 2:45,22.429
1028,9/1/20 2:50,22.429
1029,9/1/20 2:55,22.429
1030,9/1/20 3:00,22.429
1031,9/1/20 3:05,22.429
1032,9/1/20 3:10,22.429
1033,9/1/20 3:15,22.429
1034,9/1/20 3:20,22.429
1035,9/1/20 3:25,22.333
1036,9/1/20 3:30,22.333
1037,9/1/20 3:35,22.333
1038,9/1/20 3:40,22.333
1039,9/1/20 3:45,22.333
1040,9/1/20 3:50,22.333
1041,9/1/20 3:55,22.333
1042,9/1/20 4:00,22.238
1043,9/1/20 4:05,22.238
1044,9/1/20 4:10,22.238
1045,9/1/20 4:15,22.333
1046,9/1/20 4:20,22.429
1047,9/1/20 4:25,22.525
1048,9/1/20 4:30,22.621
1049,9/1/20 4:35,22.717
1050,9/1/20 4:40,22.812
1051,9/1/20 4:45,22.908
1052,9/1/20 4:50,23.004
1053,9/1/20 4:55,23.1
1054,9/1/20 5:00,23.196
1055,9/1/20 5:05,23.292
1056,9/1/20 5:10,23.292
1057,9/1/20 5:15,23.196
1058,9/1/20 5:20,23.196
1059,9/1/20 5:25,23.1
1060,9/1/20 5:30,23.004
1061,9/1/20 5:35,23.004
1062,9/1/20 5:40,23.004
1063,9/1/20 5:45,22.908
1064,9/1/20 5:50,22.908
1065,9/1/20 5:55,22.812
1066,9/1/20 6:00,22.812
1067,9/1/20 6:05,22.812
1068,9/1/20 6:10,22.717
1069,9/1/20 6:15,22.717
1070,9/1/20 6:20,22.717
1071,9/1/20 6:25,22.621
1072,9/1/20 6:30,22.621
1073,9/1/20 6:35,22.621
1074,9/1/20 6:40,22.621
1075,9/1/20 6:45,22.525
1076,9/1/20 6:50,22.525
1077,9/1/20 6:55,22.525
1078,9/1/20 7:00,22.429
1079,9/1/20 7:05,22.429
1080,9/1/20 7:10,22.429
1081,9/1/20 7:15,22.429
1082,9/1/20 7:20,22.333
1083,9/1/20 7:25,22.333
1084,9/1/20 7:30,22.333
1085,9/1/20 7:35,22.333
1086,9/1/20 7:40,22.333
1087,9/1/20 7:45,22.429
1088,9/1/20 7:50,22.429
1089,9/1/20 7:55,22.525
1090,9/1/20 8:00,22.525
1091,9/1/20 8:05,22.525
1092,9/1/20 8:10,22.525
1093,9/1/20 8:15,22.525
1094,9/1/20 8:20,22.621
1095,9/1/20 8:25,22.621
1096,9/1/20 8:30,22.621
1097,9/1/20 8:35,22.621
1098,9/1/20 8:40,22.717
1099,9/1/20 8:45,22.717
1100,9/1/20 8:50,22.717
1101,9/1/20 8:55,22.812
1102,9/1/20 9:00,22.812
1103,9/1/20 9:05,22.812
1104,9/1/20 9:10,22.812
1105,9/1/20 9:15,22.908
1106,9/1/20 9:20,22.908
1107,9/1/20 9:25,22.908
1108,9/1/20 9:30,23.004
1109,9/1/20 9:35,23.196
1110,9/1/20 9:40,23.292
1111,9/1/20 9:45,23.484
1112,9/1/20 9:50,23.581
1113,9/1/20 9:55,23.581
1114,9/1/20 10:00,23.677
1115,9/1/20 10:05,23.677
1116,9/1/20 10:10,23.773
1117,9/1/20 10:15,23.869
1118,9/1/20 10:20,23.869
1119,9/1/20 10:25,23.966
1120,9/1/20 10:30,23.966
1121,9/1/20 10:35,24.062
1122,9/1/20 10:40,24.062
1123,9/1/20 10:45,24.062
1124,9/1/20 10:50,24.062
1125,9/1/20 10:55,24.062
1126,9/1/20 11:00,24.158
1127,9/1/20 11:05,24.158
1128,9/1/20 11:10,24.255
1129,9/1/20 11:15,24.351
1130,9/1/20 11:20,24.351
1131,9/1/20 11:25,24.351
1132,9/1/20 11:30,24.448
1133,9/1/20 11:35,24.448
1134,9/1/20 11:40,24.545
1135,9/1/20 11:45,24.641
1136,9/1/20 11:50,24.738
1137,9/1/20 11:55,24.738
1138,9/1/20 12:00,24.835
1139,9/1/20 12:05,24.931
1140,9/1/20 12:10,24.931
1141,9/1/20 12:15,24.931
1142,9/1/20 12:20,25.028
1143,9/1/20 12:25,25.125
1144,9/1/20 12:30,25.028
1145,9/1/20 12:35,25.125
1146,9/1/20 12:40,25.125
1147,9/1/20 12:45,25.125
1148,9/1/20 12:50,25.125
1149,9/1/20 12:55,25.125
1150,9/1/20 13:00,25.125
1151,9/1/20 13:05,25.319
1152,9/1/20 13:10,25.319
1153,9/1/20 13:15,25.416
1154,9/1/20 13:20,25.319
1155,9/1/20 13:25,25.416
1156,9/1/20 13:30,25.513
1157,9/1/20 13:35,25.513
1158,9/1/20 13:40,25.513
1159,9/1/20 13:45,25.513
1160,9/1/20 13:50,25.513
1161,9/1/20 13:55,25.513
1162,9/1/20 14:00,25.513
1163,9/1/20 14:05,25.416
1164,9/1/20 14:10,25.319
1165,9/1/20 14:15,25.416
1166,9/1/20 14:20,25.319
1167,9/1/20 14:25,25.319
1168,9/1/20 14:30,25.222
1169,9/1/20 14:35,25.222
1170,9/1/20 14:40,25.125
1171,9/1/20 14:45,25.028
1172,9/1/20 14:50,24.931
1173,9/1/20 14:55,24.931
1174,9/1/20 15:00,24.931
1175,9/1/20 15:05,24.931
1176,9/1/20 15:10,24.931
1177,9/1/20 15:15,24.931
1178,9/1/20 15:20,24.835
1179,9/1/20 15:25,24.931
1180,9/1/20 15:30,24.931
1181,9/1/20 15:35,24.835
1182,9/1/20 15:40,24.835
1183,9/1/20 15:45,24.835
1184,9/1/20 15:50,24.835
1185,9/1/20 15:55,24.931
1186,9/1/20 16:00,24.931
1187,9/1/20 16:05,24.835
1188,9/1/20 16:10,24.835
1189,9/1/20 16:15,24.835
1190,9/1/20 16:20,24.835
1191,9/1/20 16:25,24.931
1192,9/1/20 16:30,25.125
1193,9/1/20 16:35,25.416
1194,9/1/20 16:40,25.61
1195,9/1/20 16:45,25.708
1196,9/1/20 16:50,25.805
1197,9/1/20 16:55,25.805
1198,9/1/20 17:00,25.902
1199,9/1/20 17:05,25.805
1200,9/1/20 17:10,25.61
1201,9/1/20 17:15,25.513
1202,9/1/20 17:20,25.319
1203,9/1/20 17:25,25.125
1204,9/1/20 17:30,24.931
1205,9/1/20 17:35,24.835
1206,9/1/20 17:40,24.738
1207,9/1/20 17:45,24.641
1208,9/1/20 17:50,24.641
1209,9/1/20 17:55,24.545
1210,9/1/20 18:00,24.448
1211,9/1/20 18:05,24.448
1212,9/1/20 18:10,24.351
1213,9/1/20 18:15,24.255
1214,9/1/20 18:20,24.255
1215,9/1/20 18:25,24.158
1216,9/1/20 18:30,24.158
1217,9/1/20 18:35,24.062
1218,9/1/20 18:40,23.966
1219,9/1/20 18:45,23.966
1220,9/1/20 18:50,23.869
1221,9/1/20 18:55,23.773
1222,9/1/20 19:00,23.677
1223,9/1/20 19:05,23.677
1224,9/1/20 19:10,23.581
1225,9/1/20 19:15,23.581
1226,9/1/20 19:20,23.484
1227,9/1/20 19:25,23.388
1228,9/1/20 19:30,23.388
1229,9/1/20 19:35,23.388
1230,9/1/20 19:40,23.292
1231,9/1/20 19:45,23.292
1232,9/1/20 19:50,23.196
1233,9/1/20 19:55,23.196
1234,9/1/20 20:00,23.196
1235,9/1/20 20:05,23.196
1236,9/1/20 20:10,23.1
1237,9/1/20 20:15,23.1
1238,9/1/20 20:20,23.004
1239,9/1/20 20:25,23.004
1240,9/1/20 20:30,23.004
1241,9/1/20 20:35,22.908
1242,9/1/20 20:40,22.908
1243,9/1/20 20:45,22.908
1244,9/1/20 20:50,22.812
1245,9/1/20 20:55,22.812
1246,9/1/20 21:00,22.812
1247,9/1/20 21:05,22.812
1248,9/1/20 21:10,22.717
1249,9/1/20 21:15,22.717
1250,9/1/20 21:20,22.717
1251,9/1/20 21:25,22.717
1252,9/1/20 21:30,22.621
1253,9/1/20 21:35,22.621
1254,9/1/20 21:40,22.621
1255,9/1/20 21:45,22.621
1256,9/1/20 21:50,22.525
1257,9/1/20 21:55,22.525
1258,9/1/20 22:00,22.525
1259,9/1/20 22:05,22.525
1260,9/1/20 22:10,22.525
1261,9/1/20 22:15,22.525
1262,9/1/20 22:20,22.525
1263,9/1/20 22:25,22.525
1264,9/1/20 22:30,22.525
1265,9/1/20 22:35,22.525
1266,9/1/20 22:40,22.525
1267,9/1/20 22:45,22.525
1268,9/1/20 22:50,22.621
1269,9/1/20 22:55,22.621
1270,9/1/20 23:00,22.621
1271,9/1/20 23:05,22.717
1272,9/1/20 23:10,22.717
1273,9/1/20 23:15,22.717
1274,9/1/20 23:20,22.717
1275,9/1/20 23:25,22.812
1276,9/1/20 23:30,22.812
1277,9/1/20 23:35,22.812
1278,9/1/20 23:40,22.812
1279,9/1/20 23:45,22.812
1280,9/1/20 23:50,22.908
1281,9/1/20 23:55,22.908
1282,9/2/20 0:00,22.908
1283,9/2/20 0:05,22.908
1284,9/2/20 0:10,22.908
1285,9/2/20 0:15,23.004
1286,9/2/20 0:20,23.004
1287,9/2/20 0:25,23.004
1288,9/2/20 0:30,23.004
1289,9/2/20 0:35,23.004
1290,9/2/20 0:40,23.1
1291,9/2/20 0:45,23.1
1292,9/2/20 0:50,23.1
1293,9/2/20 0:55,23.1
1294,9/2/20 1:00,23.1
1295,9/2/20 1:05,23.1
1296,9/2/20 1:10,23.1
1297,9/2/20 1:15,23.196
1298,9/2/20 1:20,23.196
1299,9/2/20 1:25,23.196
1300,9/2/20 1:30,23.196
1301,9/2/20 1:35,23.1
1302,9/2/20 1:40,23.004
1303,9/2/20 1:45,23.004
1304,9/2/20 1:50,23.004
1305,9/2/20 1:55,23.004
1306,9/2/20 2:00,22.908
1307,9/2/20 2:05,22.908
1308,9/2/20 2:10,22.908
1309,9/2/20 2:15,22.908
1310,9/2/20 2:20,22.908
1311,9/2/20 2:25,22.908
1312,9/2/20 2:30,22.812
1313,9/2/20 2:35,22.812
1314,9/2/20 2:40,22.812
1315,9/2/20 2:45,22.812
1316,9/2/20 2:50,22.812
1317,9/2/20 2:55,22.812
1318,9/2/20 3:00,22.717
1319,9/2/20 3:05,22.717
1320,9/2/20 3:10,22.717
1321,9/2/20 3:15,22.717
1322,9/2/20 3:20,22.717
1323,9/2/20 3:25,22.717
1324,9/2/20 3:30,22.621
1325,9/2/20 3:35,22.621
1326,9/2/20 3:40,22.621
1327,9/2/20 3:45,22.621
1328,9/2/20 3:50,22.525
1329,9/2/20 3:55,22.525
1330,9/2/20 4:00,22.525
1331,9/2/20 4:05,22.525
1332,9/2/20 4:10,22.525
1333,9/2/20 4:15,22.525
1334,9/2/20 4:20,22.525
1335,9/2/20 4:25,22.525
1336,9/2/20 4:30,22.429
1337,9/2/20 4:35,22.429
1338,9/2/20 4:40,22.429
1339,9/2/20 4:45,22.429
1340,9/2/20 4:50,22.429
1341,9/2/20 4:55,22.429
1342,9/2/20 5:00,22.429
1343,9/2/20 5:05,22.429
1344,9/2/20 5:10,22.429
1345,9/2/20 5:15,22.429
1346,9/2/20 5:20,22.429
1347,9/2/20 5:25,22.333
1348,9/2/20 5:30,22.429
1349,9/2/20 5:35,22.525
1350,9/2/20 5:40,22.621
1351,9/2/20 5:45,22.717
1352,9/2/20 5:50,22.812
1353,9/2/20 5:55,22.908
1354,9/2/20 6:00,23.004
1355,9/2/20 6:05,23.1
1356,9/2/20 6:10,23.196
1357,9/2/20 6:15,23.196
1358,9/2/20 6:20,23.292
1359,9/2/20 6:25,23.196
1360,9/2/20 6:30,23.1
1361,9/2/20 6:35,23.1
1362,9/2/20 6:40,23.1
1363,9/2/20 6:45,23.1
1364,9/2/20 6:50,23.004
1365,9/2/20 6:55,23.004
1366,9/2/20 7:00,23.004
1367,9/2/20 7:05,23.004
1368,9/2/20 7:10,23.004
1369,9/2/20 7:15,23.004
1370,9/2/20 7:20,22.908
1371,9/2/20 7:25,22.908
1372,9/2/20 7:30,22.908
1373,9/2/20 7:35,22.908
1374,9/2/20 7:40,22.908
1375,9/2/20 7:45,22.812
1376,9/2/20 7:50,22.812
1377,9/2/20 7:55,22.812
1378,9/2/20 8:00,22.908
1379,9/2/20 8:05,22.908
1380,9/2/20 8:10,22.908
1381,9/2/20 8:15,22.908
1382,9/2/20 8:20,22.908
1383,9/2/20 8:25,22.908
1384,9/2/20 8:30,22.908
1385,9/2/20 8:35,23.004
1386,9/2/20 8:40,23.004
1387,9/2/20 8:45,23.004
1388,9/2/20 8:50,23.004
1389,9/2/20 8:55,23.004
1390,9/2/20 9:00,23.004
1391,9/2/20 9:05,23.004
1392,9/2/20 9:10,23.1
1393,9/2/20 9:15,23.1
1394,9/2/20 9:20,23.196
1395,9/2/20 9:25,23.292
1396,9/2/20 9:30,23.484
1397,9/2/20 9:35,23.581
1398,9/2/20 9:40,23.677
1399,9/2/20 9:45,23.773
1400,9/2/20 9:50,23.869
1401,9/2/20 9:55,23.966
1402,9/2/20 10:00,24.062
1403,9/2/20 10:05,24.158
1404,9/2/20 10:10,24.158
1405,9/2/20 10:15,24.255
1406,9/2/20 10:20,24.255
1407,9/2/20 10:25,24.255
1408,9/2/20 10:30,24.351
1409,9/2/20 10:35,24.351
1410,9/2/20 10:40,24.351
1411,9/2/20 10:45,24.351
1412,9/2/20 10:50,24.351
1413,9/2/20 10:55,24.351
1414,9/2/20 11:00,24.351
1415,9/2/20 11:05,24.351
1416,9/2/20 11:10,24.448
1417,9/2/20 11:15,24.545
1418,9/2/20 11:20,24.641
1419,9/2/20 11:25,24.738
1420,9/2/20 11:30,24.738
1421,9/2/20 11:35,24.835
1422,9/2/20 11:40,24.931
1423,9/2/20 11:45,24.931
1424,9/2/20 11:50,25.028
1425,9/2/20 11:55,25.028
1426,9/2/20 12:00,25.125
1427,9/2/20 12:05,25.222
1428,9/2/20 12:10,25.319
1429,9/2/20 12:15,25.319
1430,9/2/20 12:20,25.319
1431,9/2/20 12:25,25.319
1432,9/2/20 12:30,25.319
1433,9/2/20 12:35,25.319
1434,9/2/20 12:40,25.222
1435,9/2/20 12:45,25.319
1436,9/2/20 12:50,25.222
1437,9/2/20 12:55,25.319
1438,9/2/20 13:00,25.319
1439,9/2/20 13:05,25.416
1440,9/2/20 13:10,25.513
1441,9/2/20 13:15,25.513
1442,9/2/20 13:20,25.61
1443,9/2/20 13:25,25.61
1444,9/2/20 13:30,25.708
1445,9/2/20 13:35,25.708
1446,9/2/20 13:40,25.61
1447,9/2/20 13:45,25.61
1448,9/2/20 13:50,25.513
1449,9/2/20 13:55,25.416
1450,9/2/20 14:00,25.319
1451,9/2/20 14:05,25.319
1452,9/2/20 14:10,25.222
1453,9/2/20 14:15,25.222
1454,9/2/20 14:20,25.125
1455,9/2/20 14:25,24.931
1456,9/2/20 14:30,24.835
1457,9/2/20 14:35,24.641
1458,9/2/20 14:40,24.545
1459,9/2/20 14:45,24.448
1460,9/2/20 14:50,24.448
1461,9/2/20 14:55,24.351
1462,9/2/20 15:00,24.158
1463,9/2/20 15:05,24.062
1464,9/2/20 15:10,23.966
1465,9/2/20 15:15,23.966
1466,9/2/20 15:20,23.966
1467,9/2/20 15:25,23.869
1468,9/2/20 15:30,23.773
1469,9/2/20 15:35,23.773
1470,9/2/20 15:40,23.677
1471,9/2/20 15:45,23.677
1472,9/2/20 15:50,23.581
1473,9/2/20 15:55,23.581
1474,9/2/20 16:00,23.484
1475,9/2/20 16:05,23.484
1476,9/2/20 16:10,23.484
1477,9/2/20 16:15,23.484
1478,9/2/20 16:20,23.388
1479,9/2/20 16:25,23.484
1480,9/2/20 16:30,23.388
1481,9/2/20 16:35,23.388
1482,9/2/20 16:40,23.292
1483,9/2/20 16:45,23.292
1484,9/2/20 16:50,23.292
1485,9/2/20 16:55,23.292
1486,9/2/20 17:00,23.292
1487,9/2/20 17:05,23.292
1488,9/2/20 17:10,23.292
1489,9/2/20 17:15,23.196
1490,9/2/20 17:20,23.196
1491,9/2/20 17:25,23.196
1492,9/2/20 17:30,23.196
1493,9/2/20 17:35,23.196
1494,9/2/20 17:40,23.196
1495,9/2/20 17:45,23.196
1496,9/2/20 17:50,23.196
1497,9/2/20 17:55,23.196
1498,9/2/20 18:00,23.196
1499,9/2/20 18:05,23.1
1500,9/2/20 18:10,23.1
1501,9/2/20 18:15,23.004
1502,9/2/20 18:20,23.004
1503,9/2/20 18:25,23.1
1504,9/2/20 18:30,23.1
1505,9/2/20 18:35,23.1
1506,9/2/20 18:40,23.1
1507,9/2/20 18:45,23.004
1508,9/2/20 18:50,23.004
1509,9/2/20 18:55,23.004
1510,9/2/20 19:00,23.004
1511,9/2/20 19:05,23.1
1512,9/2/20 19:10,23.004
1513,9/2/20 19:15,23.004
1514,9/2/20 19:20,22.908
1515,9/2/20 19:25,22.908
1516,9/2/20 19:30,22.908
1517,9/2/20 19:35,22.908
1518,9/2/20 19:40,22.812
1519,9/2/20 19:45,22.812
1520,9/2/20 19:50,22.812
1521,9/2/20 19:55,22.717
1522,9/2/20 20:00,22.717
1523,9/2/20 20:05,22.717
1524,9/2/20 20:10,22.717
1525,9/2/20 20:15,22.717
1526,9/2/20 20:20,22.717
1527,9/2/20 20:25,22.621
1528,9/2/20 20:30,22.621
1529,9/2/20 20:35,22.621
1530,9/2/20 20:40,22.621
1531,9/2/20 20:45,22.621
1532,9/2/20 20:50,22.525
1533,9/2/20 20:55,22.525
1534,9/2/20 21:00,22.525
1535,9/2/20 21:05,22.525
1536,9/2/20 21:10,22.525
1537,9/2/20 21:15,22.525
1538,9/2/20 21:20,22.525
1539,9/2/20 21:25,22.429
1540,9/2/20 21:30,22.429
1541,9/2/20 21:35,22.429
1542,9/2/20 21:40,22.429
1543,9/2/20 21:45,22.429
1544,9/2/20 21:50,22.429
1545,9/2/20 21:55,22.525
1546,9/2/20 22:00,22.621
1547,9/2/20 22:05,22.812
1548,9/2/20 22:10,22.908
1549,9/2/20 22:15,23.1
1550,9/2/20 22:20,23.196
1551,9/2/20 22:25,23.292
1552,9/2/20 22:30,23.388
1553,9/2/20 22:35,23.484
1554,9/2/20 22:40,23.677
1555,9/2/20 22:45,23.773
1556,9/2/20 22:50,23.773
1557,9/2/20 22:55,23.773
1558,9/2/20 23:00,23.773
1559,9/2/20 23:05,23.677
1560,9/2/20 23:10,23.677
1561,9/2/20 23:15,23.581
1562,9/2/20 23:20,23.581
1563,9/2/20 23:25,23.484
1564,9/2/20 23:30,23.484
1565,9/2/20 23:35,23.388
1566,9/2/20 23:40,23.388
1567,9/2/20 23:45,23.388
1568,9/2/20 23:50,23.292
1569,9/2/20 23:55,23.292
1570,9/3/20 0:00,23.292
1571,9/3/20 0:05,23.196
1572,9/3/20 0:10,23.196
1573,9/3/20 0:15,23.196
1574,9/3/20 0:20,23.1
1575,9/3/20 0:25,23.1
1576,9/3/20 0:30,23.1
1577,9/3/20 0:35,23.1
1578,9/3/20 0:40,23.004
1579,9/3/20 0:45,23.004
1580,9/3/20 0:50,23.004
1581,9/3/20 0:55,23.004
1582,9/3/20 1:00,22.908
1583,9/3/20 1:05,22.908
1584,9/3/20 1:10,22.908
1585,9/3/20 1:15,22.908
1586,9/3/20 1:20,22.812
1587,9/3/20 1:25,22.812
1588,9/3/20 1:30,22.812
1589,9/3/20 1:35,22.812
1590,9/3/20 1:40,22.717
1591,9/3/20 1:45,22.717
1592,9/3/20 1:50,22.717
1593,9/3/20 1:55,22.717
1594,9/3/20 2:00,22.621
1595,9/3/20 2:05,22.621
1596,9/3/20 2:10,22.621
1597,9/3/20 2:15,22.621
1598,9/3/20 2:20,22.621
1599,9/3/20 2:25,22.621
1600,9/3/20 2:30,22.525
1601,9/3/20 2:35,22.525
1602,9/3/20 2:40,22.525
1603,9/3/20 2:45,22.525
1604,9/3/20 2:50,22.525
1605,9/3/20 2:55,22.525
1606,9/3/20 3:00,22.525
1607,9/3/20 3:05,22.429
1608,9/3/20 3:10,22.429
1609,9/3/20 3:15,22.429
1610,9/3/20 3:20,22.429
1611,9/3/20 3:25,22.429
1612,9/3/20 3:30,22.429
1613,9/3/20 3:35,22.525
1614,9/3/20 3:40,22.621
1615,9/3/20 3:45,22.812
1616,9/3/20 3:50,22.908
1617,9/3/20 3:55,23.004
1618,9/3/20 4:00,23.1
1619,9/3/20 4:05,23.196
1620,9/3/20 4:10,23.388
1621,9/3/20 4:15,23.484
1622,9/3/20 4:20,23.484
1623,9/3/20 4:25,23.484
1624,9/3/20 4:30,23.484
1625,9/3/20 4:35,23.484
1626,9/3/20 4:40,23.388
1627,9/3/20 4:45,23.388
1628,9/3/20 4:50,23.292
1629,9/3/20 4:55,23.292
1630,9/3/20 5:00,23.292
1631,9/3/20 5:05,23.196
1632,9/3/20 5:10,23.196
1633,9/3/20 5:15,23.196
1634,9/3/20 5:20,23.1
1635,9/3/20 5:25,23.1
1636,9/3/20 5:30,23.1
1637,9/3/20 5:35,23.004
1638,9/3/20 5:40,23.004
1639,9/3/20 5:45,23.004
1640,9/3/20 5:50,23.004
1641,9/3/20 5:55,22.908
1642,9/3/20 6:00,22.908
1643,9/3/20 6:05,22.908
1644,9/3/20 6:10,22.908
1645,9/3/20 6:15,22.908
1646,9/3/20 6:20,22.812
1647,9/3/20 6:25,22.812
1648,9/3/20 6:30,22.812
1649,9/3/20 6:35,22.812
1650,9/3/20 6:40,22.717
1651,9/3/20 6:45,22.717
1652,9/3/20 6:50,22.717
1653,9/3/20 6:55,22.717
1654,9/3/20 7:00,22.717
1655,9/3/20 7:05,22.717
1656,9/3/20 7:10,22.621
1657,9/3/20 7:15,22.621
1658,9/3/20 7:20,22.621
1659,9/3/20 7:25,22.621
1660,9/3/20 7:30,22.621
1661,9/3/20 7:35,22.525
1662,9/3/20 7:40,22.525
1663,9/3/20 7:45,22.621
1664,9/3/20 7:50,22.717
1665,9/3/20 7:55,22.908
1666,9/3/20 8:00,23.1
1667,9/3/20 8:05,23.196
1668,9/3/20 8:10,23.388
1669,9/3/20 8:15,23.581
1670,9/3/20 8:20,23.677
1671,9/3/20 8:25,23.677
1672,9/3/20 8:30,23.773
1673,9/3/20 8:35,23.773
1674,9/3/20 8:40,23.677
1675,9/3/20 8:45,23.677
1676,9/3/20 8:50,23.677
1677,9/3/20 8:55,23.677
1678,9/3/20 9:00,23.677
1679,9/3/20 9:05,23.677
1680,9/3/20 9:10,23.677
1681,9/3/20 9:15,23.677
1682,9/3/20 9:20,23.773
1683,9/3/20 9:25,23.773
1684,9/3/20 9:30,23.773
1685,9/3/20 9:35,23.677
1686,9/3/20 9:40,23.677
1687,9/3/20 9:45,23.677
1688,9/3/20 9:50,23.773
1689,9/3/20 9:55,23.677
1690,9/3/20 10:00,23.677
1691,9/3/20 10:05,23.677
1692,9/3/20 10:10,23.677
1693,9/3/20 10:15,23.773
1694,9/3/20 10:20,23.869
1695,9/3/20 10:25,23.869
1696,9/3/20 10:30,23.966
1697,9/3/20 10:35,24.062
1698,9/3/20 10:40,24.158
1699,9/3/20 10:45,24.158
1700,9/3/20 10:50,24.062
1701,9/3/20 10:55,24.158
1702,9/3/20 11:00,24.255
1703,9/3/20 11:05,24.255
1704,9/3/20 11:10,24.351
1705,9/3/20 11:15,24.545
1706,9/3/20 11:20,24.641
1707,9/3/20 11:25,24.738
1708,9/3/20 11:30,24.738
1709,9/3/20 11:35,24.835
1710,9/3/20 11:40,24.931
1711,9/3/20 11:45,24.931
1712,9/3/20 11:50,25.028
1713,9/3/20 11:55,25.125
1714,9/3/20 12:00,25.125
1715,9/3/20 12:05,25.222
1716,9/3/20 12:10,25.319
1717,9/3/20 12:15,25.319
1718,9/3/20 12:20,25.222
1719,9/3/20 12:25,25.222
1720,9/3/20 12:30,25.222
1721,9/3/20 12:35,25.319
1722,9/3/20 12:40,25.319
1723,9/3/20 12:45,25.416
1724,9/3/20 12:50,25.416
1725,9/3/20 12:55,25.513
1726,9/3/20 13:00,25.513
1727,9/3/20 13:05,25.513
1728,9/3/20 13:10,25.513
1729,9/3/20 13:15,25.513
1730,9/3/20 13:20,25.416
1731,9/3/20 13:25,25.416
1732,9/3/20 13:30,25.416
1733,9/3/20 13:35,25.416
1734,9/3/20 13:40,25.416
1735,9/3/20 13:45,25.416
1736,9/3/20 13:50,25.416
1737,9/3/20 13:55,25.416
1738,9/3/20 14:00,25.416
1739,9/3/20 14:05,25.416
1740,9/3/20 14:10,25.319
1741,9/3/20 14:15,25.319
1742,9/3/20 14:20,25.222
1743,9/3/20 14:25,25.222
1744,9/3/20 14:30,25.222
1745,9/3/20 14:35,25.125
1746,9/3/20 14:40,24.931
1747,9/3/20 14:45,24.835
1748,9/3/20 14:50,24.738
1749,9/3/20 14:55,24.641
1750,9/3/20 15:00,24.545
1751,9/3/20 15:05,24.448
1752,9/3/20 15:10,24.351
1753,9/3/20 15:15,24.255
1754,9/3/20 15:20,24.158
1755,9/3/20 15:25,24.062
1756,9/3/20 15:30,23.966
1757,9/3/20 15:35,23.966
1758,9/3/20 15:40,23.869
1759,9/3/20 15:45,23.773
1760,9/3/20 15:50,23.773
1761,9/3/20 15:55,23.677
1762,9/3/20 16:00,23.677
1763,9/3/20 16:05,23.581
1764,9/3/20 16:10,23.581
1765,9/3/20 16:15,23.581
1766,9/3/20 16:20,23.581
1767,9/3/20 16:25,23.581
1768,9/3/20 16:30,23.677
1769,9/3/20 16:35,23.677
1770,9/3/20 16:40,23.773
1771,9/3/20 16:45,23.773
1772,9/3/20 16:50,23.869
1773,9/3/20 16:55,23.966
1774,9/3/20 17:00,24.062
1775,9/3/20 17:05,24.158
1776,9/3/20 17:10,24.255
1777,9/3/20 17:15,24.351
1778,9/3/20 17:20,24.351
1779,9/3/20 17:25,24.351
1780,9/3/20 17:30,24.351
1781,9/3/20 17:35,24.255
1782,9/3/20 17:40,24.062
1783,9/3/20 17:45,23.966
1784,9/3/20 17:50,23.966
1785,9/3/20 17:55,23.869
1786,9/3/20 18:00,23.773
1787,9/3/20 18:05,23.677
1788,9/3/20 18:10,23.677
1789,9/3/20 18:15,23.677
1790,9/3/20 18:20,23.581
1791,9/3/20 18:25,23.484
1792,9/3/20 18:30,23.388
1793,9/3/20 18:35,23.388
1794,9/3/20 18:40,23.292
1795,9/3/20 18:45,23.196
1796,9/3/20 18:50,23.196
1797,9/3/20 18:55,23.1
1798,9/3/20 19:00,23.1
1799,9/3/20 19:05,23.004
1800,9/3/20 19:10,23.004
1801,9/3/20 19:15,23.004
1802,9/3/20 19:20,22.908
1803,9/3/20 19:25,22.908
1804,9/3/20 19:30,22.908
1805,9/3/20 19:35,22.812
1806,9/3/20 19:40,22.812
1807,9/3/20 19:45,22.812
1808,9/3/20 19:50,22.717
1809,9/3/20 19:55,22.717
1810,9/3/20 20:00,22.717
1811,9/3/20 20:05,22.717
1812,9/3/20 20:10,22.621
1813,9/3/20 20:15,22.621
1814,9/3/20 20:20,22.621
1815,9/3/20 20:25,22.621
1816,9/3/20 20:30,22.525
1817,9/3/20 20:35,22.525
1818,9/3/20 20:40,22.525
1819,9/3/20 20:45,22.525
1820,9/3/20 20:50,22.429
1821,9/3/20 20:55,22.525
1822,9/3/20 21:00,22.621
1823,9/3/20 21:05,22.812
1824,9/3/20 21:10,22.908
1825,9/3/20 21:15,23.004
1826,9/3/20 21:20,23.196
1827,9/3/20 21:25,23.292
1828,9/3/20 21:30,23.388
1829,9/3/20 21:35,23.484
1830,9/3/20 21:40,23.581
1831,9/3/20 21:45,23.677
1832,9/3/20 21:50,23.677
1833,9/3/20 21:55,23.677
1834,9/3/20 22:00,23.581
1835,9/3/20 22:05,23.581
1836,9/3/20 22:10,23.484
1837,9/3/20 22:15,23.484
1838,9/3/20 22:20,23.388
1839,9/3/20 22:25,23.292
1840,9/3/20 22:30,23.292
1841,9/3/20 22:35,23.292
1842,9/3/20 22:40,23.196
1843,9/3/20 22:45,23.196
1844,9/3/20 22:50,23.196
1845,9/3/20 22:55,23.1
1846,9/3/20 23:00,23.1
1847,9/3/20 23:05,23.1
1848,9/3/20 23:10,23.004
1849,9/3/20 23:15,23.004
1850,9/3/20 23:20,23.004
1851,9/3/20 23:25,22.908
1852,9/3/20 23:30,22.908
1853,9/3/20 23:35,22.908
1854,9/3/20 23:40,22.812
1855,9/3/20 23:45,22.812
1856,9/3/20 23:50,22.812
1857,9/3/20 23:55,22.717
1858,9/4/20 0:00,22.717
1859,9/4/20 0:05,22.717
1860,9/4/20 0:10,22.717
1861,9/4/20 0:15,22.717
1862,9/4/20 0:20,22.717
1863,9/4/20 0:25,22.621
1864,9/4/20 0:30,22.621
1865,9/4/20 0:35,22.621
1866,9/4/20 0:40,22.621
1867,9/4/20 0:45,22.525
1868,9/4/20 0:50,22.525
1869,9/4/20 0:55,22.525
1870,9/4/20 1:00,22.525
1871,9/4/20 1:05,22.525
1872,9/4/20 1:10,22.429
1873,9/4/20 1:15,22.429
1874,9/4/20 1:20,22.429
1875,9/4/20 1:25,22.429
1876,9/4/20 1:30,22.429
1877,9/4/20 1:35,22.429
1878,9/4/20 1:40,22.429
1879,9/4/20 1:45,22.429
1880,9/4/20 1:50,22.333
1881,9/4/20 1:55,22.333
1882,9/4/20 2:00,22.333
1883,9/4/20 2:05,22.333
1884,9/4/20 2:10,22.333
1885,9/4/20 2:15,22.333
1886,9/4/20 2:20,22.238
1887,9/4/20 2:25,22.238
1888,9/4/20 2:30,22.238
1889,9/4/20 2:35,22.333
1890,9/4/20 2:40,22.525
1891,9/4/20 2:45,22.621
1892,9/4/20 2:50,22.717
1893,9/4/20 2:55,22.908
1894,9/4/20 3:00,23.004
1895,9/4/20 3:05,23.004
1896,9/4/20 3:10,23.1
1897,9/4/20 3:15,23.1
1898,9/4/20 3:20,23.004
1899,9/4/20 3:25,23.004
1900,9/4/20 3:30,22.908
1901,9/4/20 3:35,22.908
1902,9/4/20 3:40,22.908
1903,9/4/20 3:45,22.812
1904,9/4/20 3:50,22.812
1905,9/4/20 3:55,22.812
1906,9/4/20 4:00,22.717
1907,9/4/20 4:05,22.717
1908,9/4/20 4:10,22.717
1909,9/4/20 4:15,22.717
1910,9/4/20 4:20,22.717
1911,9/4/20 4:25,22.621
1912,9/4/20 4:30,22.717
1913,9/4/20 4:35,22.621
1914,9/4/20 4:40,22.621
1915,9/4/20 4:45,22.621
1916,9/4/20 4:50,22.525
1917,9/4/20 4:55,22.525
1918,9/4/20 5:00,22.525
1919,9/4/20 5:05,22.525
1920,9/4/20 5:10,22.525
1921,9/4/20 5:15,22.525
1922,9/4/20 5:20,22.429
1923,9/4/20 5:25,22.429
1924,9/4/20 5:30,22.429
1925,9/4/20 5:35,22.429
1926,9/4/20 5:40,22.429
1927,9/4/20 5:45,22.333
1928,9/4/20 5:50,22.333
1929,9/4/20 5:55,22.333
1930,9/4/20 6:00,22.333
1931,9/4/20 6:05,22.333
1932,9/4/20 6:10,22.333
1933,9/4/20 6:15,22.333
1934,9/4/20 6:20,22.238
1935,9/4/20 6:25,22.238
1936,9/4/20 6:30,22.238
1937,9/4/20 6:35,22.238
1938,9/4/20 6:40,22.238
1939,9/4/20 6:45,22.238
1940,9/4/20 6:50,22.238
1941,9/4/20 6:55,22.142
1942,9/4/20 7:00,22.142
1943,9/4/20 7:05,22.142
1944,9/4/20 7:10,22.238
1945,9/4/20 7:15,22.333
1946,9/4/20 7:20,22.429
1947,9/4/20 7:25,22.621
1948,9/4/20 7:30,22.717
1949,9/4/20 7:35,22.812
1950,9/4/20 7:40,23.004
1951,9/4/20 7:45,23.1
1952,9/4/20 7:50,23.196
1953,9/4/20 7:55,23.292
1954,9/4/20 8:00,23.388
1955,9/4/20 8:05,23.484
1956,9/4/20 8:10,23.484
1957,9/4/20 8:15,23.484
1958,9/4/20 8:20,23.484
1959,9/4/20 8:25,23.484
1960,9/4/20 8:30,23.484
1961,9/4/20 8:35,23.484
1962,9/4/20 8:40,23.484
1963,9/4/20 8:45,23.484
1964,9/4/20 8:50,23.484
1965,9/4/20 8:55,23.484
1966,9/4/20 9:00,23.484
1967,9/4/20 9:05,23.484
1968,9/4/20 9:10,23.484
1969,9/4/20 9:15,23.484
1970,9/4/20 9:20,23.581
1971,9/4/20 9:25,23.581
1972,9/4/20 9:30,23.484
1973,9/4/20 9:35,23.484
1974,9/4/20 9:40,23.484
1975,9/4/20 9:45,23.484
1976,9/4/20 9:50,23.484
1977,9/4/20 9:55,23.484
1978,9/4/20 10:00,23.484
1979,9/4/20 10:05,23.484
1980,9/4/20 10:10,23.484
1981,9/4/20 10:15,23.388
1982,9/4/20 10:20,23.388
1983,9/4/20 10:25,23.388
1984,9/4/20 10:30,23.388
1985,9/4/20 10:35,23.484
1986,9/4/20 10:40,23.484
1987,9/4/20 10:45,23.581
1988,9/4/20 10:50,23.677
1989,9/4/20 10:55,23.773
1990,9/4/20 11:00,23.773
1991,9/4/20 11:05,23.869
1992,9/4/20 11:10,23.869
1993,9/4/20 11:15,23.966
1994,9/4/20 11:20,24.062
1995,9/4/20 11:25,24.158
1996,9/4/20 11:30,24.255
1997,9/4/20 11:35,24.351
1998,9/4/20 11:40,24.448
1999,9/4/20 11:45,24.545
2000,9/4/20 11:50,24.545
2001,9/4/20 11:55,24.641
2002,9/4/20 12:00,24.738
2003,9/4/20 12:05,24.835
2004,9/4/20 12:10,24.835
2005,9/4/20 12:15,24.931
2006,9/4/20 12:20,24.931
2007,9/4/20 12:25,24.931
2008,9/4/20 12:30,25.028
2009,9/4/20 12:35,25.125
2010,9/4/20 12:40,25.125
2011,9/4/20 12:45,25.125
2012,9/4/20 12:50,25.222
2013,9/4/20 12:55,25.222
2014,9/4/20 13:00,25.222
2015,9/4/20 13:05,25.222
2016,9/4/20 13:10,25.222
2017,9/4/20 13:15,25.222
2018,9/4/20 13:20,25.222
2019,9/4/20 13:25,25.319
2020,9/4/20 13:30,25.319
2021,9/4/20 13:35,25.416
2022,9/4/20 13:40,25.416
2023,9/4/20 13:45,25.319
2024,9/4/20 13:50,25.319
2025,9/4/20 13:55,25.222
2026,9/4/20 14:00,25.222
2027,9/4/20 14:05,25.125
2028,9/4/20 14:10,25.125
2029,9/4/20 14:15,25.125
2030,9/4/20 14:20,25.028
2031,9/4/20 14:25,24.931
2032,9/4/20 14:30,24.931
2033,9/4/20 14:35,24.835
2034,9/4/20 14:40,24.835
2035,9/4/20 14:45,24.835
2036,9/4/20 14:50,24.835
2037,9/4/20 14:55,24.835
2038,9/4/20 15:00,24.835
2039,9/4/20 15:05,24.835
2040,9/4/20 15:10,24.835
2041,9/4/20 15:15,24.835
2042,9/4/20 15:20,24.835
2043,9/4/20 15:25,24.835
2044,9/4/20 15:30,24.835
2045,9/4/20 15:35,24.738
2046,9/4/20 15:40,24.738
2047,9/4/20 15:45,24.738
2048,9/4/20 15:50,24.738
2049,9/4/20 15:55,24.738
2050,9/4/20 16:00,24.738
2051,9/4/20 16:05,24.641
2052,9/4/20 16:10,24.641
2053,9/4/20 16:15,24.738
2054,9/4/20 16:20,24.641
2055,9/4/20 16:25,24.641
2056,9/4/20 16:30,24.641
2057,9/4/20 16:35,24.641
2058,9/4/20 16:40,24.545
2059,9/4/20 16:45,24.448
2060,9/4/20 16:50,24.351
2061,9/4/20 16:55,24.158
2062,9/4/20 17:00,24.062
2063,9/4/20 17:05,23.966
2064,9/4/20 17:10,23.966
2065,9/4/20 17:15,23.869
2066,9/4/20 17:20,23.773
2067,9/4/20 17:25,23.773
2068,9/4/20 17:30,23.677
2069,9/4/20 17:35,23.677
2070,9/4/20 17:40,23.581
2071,9/4/20 17:45,23.484
2072,9/4/20 17:50,23.484
2073,9/4/20 17:55,23.484
2074,9/4/20 18:00,23.388
2075,9/4/20 18:05,23.388
2076,9/4/20 18:10,23.388
2077,9/4/20 18:15,23.388
2078,9/4/20 18:20,23.292
2079,9/4/20 18:25,23.292
2080,9/4/20 18:30,23.292
2081,9/4/20 18:35,23.196
2082,9/4/20 18:40,23.196
2083,9/4/20 18:45,23.1
2084,9/4/20 18:50,23.004
2085,9/4/20 18:55,23.004
2086,9/4/20 19:00,22.908
2087,9/4/20 19:05,22.908
2088,9/4/20 19:10,22.908
2089,9/4/20 19:15,22.812
2090,9/4/20 19:20,22.812
2091,9/4/20 19:25,22.812
2092,9/4/20 19:30,22.717
2093,9/4/20 19:35,22.717
2094,9/4/20 19:40,22.717
2095,9/4/20 19:45,22.717
2096,9/4/20 19:50,22.621
2097,9/4/20 19:55,22.621
2098,9/4/20 20:00,22.621
2099,9/4/20 20:05,22.621
2100,9/4/20 20:10,22.525
2101,9/4/20 20:15,22.525
2102,9/4/20 20:20,22.525
2103,9/4/20 20:25,22.525
2104,9/4/20 20:30,22.525
2105,9/4/20 20:35,22.429
2106,9/4/20 20:40,22.429
2107,9/4/20 20:45,22.429
2108,9/4/20 20:50,22.429
2109,9/4/20 20:55,22.429
2110,9/4/20 21:00,22.333
2111,9/4/20 21:05,22.333
2112,9/4/20 21:10,22.333
2113,9/4/20 21:15,22.333
2114,9/4/20 21:20,22.238
2115,9/4/20 21:25,22.333
2116,9/4/20 21:30,22.333
2117,9/4/20 21:35,22.238
2118,9/4/20 21:40,22.238
2119,9/4/20 21:45,22.238
2120,9/4/20 21:50,22.238
2121,9/4/20 21:55,22.238
2122,9/4/20 22:00,22.238
2123,9/4/20 22:05,22.238
2124,9/4/20 22:10,22.142
2125,9/4/20 22:15,22.142
2126,9/4/20 22:20,22.142
2127,9/4/20 22:25,22.142
2128,9/4/20 22:30,22.142
2129,9/4/20 22:35,22.142
2130,9/4/20 22:40,22.142
2131,9/4/20 22:45,22.142
2132,9/4/20 22:50,22.142
2133,9/4/20 22:55,22.142
2134,9/4/20 23:00,22.142
2135,9/4/20 23:05,22.046
2136,9/4/20 23:10,22.046
2137,9/4/20 23:15,22.046
2138,9/4/20 23:20,22.046
2139,9/4/20 23:25,22.046
2140,9/4/20 23:30,22.046
2141,9/4/20 23:35,22.046
2142,9/4/20 23:40,22.046
2143,9/4/20 23:45,22.046
2144,9/4/20 23:50,22.046
2145,9/4/20 23:55,22.046
2146,9/5/20 0:00,22.046
2147,9/5/20 0:05,22.046
2148,9/5/20 0:10,21.951
2149,9/5/20 0:15,21.951
2150,9/5/20 0:20,21.951
2151,9/5/20 0:25,21.951
2152,9/5/20 0:30,21.951
2153,9/5/20 0:35,21.951
2154,9/5/20 0:40,21.951
2155,9/5/20 0:45,21.951
2156,9/5/20 0:50,21.951
2157,9/5/20 0:55,21.951
2158,9/5/20 1:00,21.951
2159,9/5/20 1:05,21.951
2160,9/5/20 1:10,21.951
2161,9/5/20 1:15,21.951
2162,9/5/20 1:20,21.951
2163,9/5/20 1:25,21.951
2164,9/5/20 1:30,21.951
2165,9/5/20 1:35,21.951
2166,9/5/20 1:40,21.951
2167,9/5/20 1:45,21.951
2168,9/5/20 1:50,21.951
2169,9/5/20 1:55,21.855
2170,9/5/20 2:00,21.855
2171,9/5/20 2:05,21.855
2172,9/5/20 2:10,21.855
2173,9/5/20 2:15,21.855
2174,9/5/20 2:20,21.855
2175,9/5/20 2:25,21.855
2176,9/5/20 2:30,21.855
2177,9/5/20 2:35,21.855
2178,9/5/20 2:40,21.855
2179,9/5/20 2:45,21.855
2180,9/5/20 2:50,21.855
2181,9/5/20 2:55,21.855
2182,9/5/20 3:00,21.855
2183,9/5/20 3:05,21.855
2184,9/5/20 3:10,21.855
2185,9/5/20 3:15,21.855
2186,9/5/20 3:20,21.855
2187,9/5/20 3:25,21.855
2188,9/5/20 3:30,21.855
2189,9/5/20 3:35,21.855
2190,9/5/20 3:40,21.855
2191,9/5/20 3:45,21.855
2192,9/5/20 3:50,21.855
2193,9/5/20 3:55,21.855
2194,9/5/20 4:00,21.855
2195,9/5/20 4:05,21.855
2196,9/5/20 4:10,21.855
2197,9/5/20 4:15,21.855
2198,9/5/20 4:20,21.855
2199,9/5/20 4:25,21.855
2200,9/5/20 4:30,21.855
2201,9/5/20 4:35,21.855
2202,9/5/20 4:40,21.855
2203,9/5/20 4:45,21.855
2204,9/5/20 4:50,21.855
2205,9/5/20 4:55,21.855
2206,9/5/20 5:00,21.855
2207,9/5/20 5:05,21.855
2208,9/5/20 5:10,21.855
2209,9/5/20 5:15,21.855
2210,9/5/20 5:20,21.855
2211,9/5/20 5:25,21.855
2212,9/5/20 5:30,21.855
2213,9/5/20 5:35,21.855
2214,9/5/20 5:40,21.855
2215,9/5/20 5:45,21.855
2216,9/5/20 5:50,21.855
2217,9/5/20 5:55,21.855
2218,9/5/20 6:00,21.855
2219,9/5/20 6:05,21.855
2220,9/5/20 6:10,21.855
2221,9/5/20 6:15,21.76
2222,9/5/20 6:20,21.76
2223,9/5/20 6:25,21.76
2224,9/5/20 6:30,21.76
2225,9/5/20 6:35,21.76
2226,9/5/20 6:40,21.855
2227,9/5/20 6:45,21.855
2228,9/5/20 6:50,21.855
2229,9/5/20 6:55,21.76
2230,9/5/20 7:00,21.855
2231,9/5/20 7:05,21.855
2232,9/5/20 7:10,22.046
2233,9/5/20 7:15,22.238
2234,9/5/20 7:20,22.333
2235,9/5/20 7:25,22.429
2236,9/5/20 7:30,22.621
2237,9/5/20 7:35,22.717
2238,9/5/20 7:40,22.812
2239,9/5/20 7:45,22.908
2240,9/5/20 7:50,23.004
2241,9/5/20 7:55,23.1
2242,9/5/20 8:00,23.1
2243,9/5/20 8:05,23.1
2244,9/5/20 8:10,23.196
2245,9/5/20 8:15,23.292
2246,9/5/20 8:20,23.388
2247,9/5/20 8:25,23.484
2248,9/5/20 8:30,23.581
2249,9/5/20 8:35,23.581
2250,9/5/20 8:40,23.677
2251,9/5/20 8:45,23.677
2252,9/5/20 8:50,23.773
2253,9/5/20 8:55,23.773
2254,9/5/20 9:00,23.869
2255,9/5/20 9:05,23.869
2256,9/5/20 9:10,23.869
2257,9/5/20 9:15,23.966
2258,9/5/20 9:20,23.966
2259,9/5/20 9:25,23.966
2260,9/5/20 9:30,24.062
2261,9/5/20 9:35,24.062
2262,9/5/20 9:40,23.966
2263,9/5/20 9:45,23.966
2264,9/5/20 9:50,23.966
2265,9/5/20 9:55,23.966
2266,9/5/20 10:00,23.966
2267,9/5/20 10:05,23.966
2268,9/5/20 10:10,24.062
2269,9/5/20 10:15,24.062
2270,9/5/20 10:20,24.062
2271,9/5/20 10:25,24.158
2272,9/5/20 10:30,24.255
2273,9/5/20 10:35,24.351
2274,9/5/20 10:40,24.351
2275,9/5/20 10:45,24.448
2276,9/5/20 10:50,24.545
2277,9/5/20 10:55,24.545
2278,9/5/20 11:00,24.545
2279,9/5/20 11:05,24.641
2280,9/5/20 11:10,24.738
2281,9/5/20 11:15,24.738
2282,9/5/20 11:20,24.738
2283,9/5/20 11:25,24.835
2284,9/5/20 11:30,24.835
2285,9/5/20 11:35,24.835
2286,9/5/20 11:40,24.835
2287,9/5/20 11:45,24.931
2288,9/5/20 11:50,24.931
2289,9/5/20 11:55,24.931
2290,9/5/20 12:00,24.931
2291,9/5/20 12:05,24.931
2292,9/5/20 12:10,24.931
2293,9/5/20 12:15,24.931
2294,9/5/20 12:20,24.931
2295,9/5/20 12:25,24.931
2296,9/5/20 12:30,25.028
2297,9/5/20 12:35,25.028